序号,城市,本科院校,ing,2025届,,24届保研去向,2024届,,2023届,,2022届,,2021届,,2020届,,,,,,
,,,,保研人数,保研率,,保研人数,保研率,保研人数,保研率,保研人数,保研率,保研人数,保研率,保研人数,保研率,,,,,
1,重庆,重庆交通大学,重庆交通大学,261,4.47%,中国科学院大学、厦门大学、华南理工大学、兰州大学、中山大学、广东外语外贸大学等,221,3.78%,183,3.05%,158,2.65%,,,,,,,,,
2,山西,中北大学,中北大学,381,4.28%,中南大学、厦门大学、华南理工大学、兰州大学、中山大学、安徽大学等,537,6.26%,473,4.99%,,4.27%,,,,,,,,,
3,广西,广西大学,广西师范大学,274,9.35%,中山大学、华中科技大学、中南大学、同济大学、山东大学、苏州大学、厦门大学等,584,9.69%,,,510,7.3%,,5.9%,,,,,,,
4,浙江,温州医科大学,温州医科大学,346,10.37%,中国药科大学、北京协和医学院、华中科技大学、中南大学、同济大学、山东大学、苏州大学、南京医科大学等,478,17.21%,413,13.9%,356,11.42%,,5.9%,,,,,,,
5,贵州,贵州大学,贵州大学,824,9.4%,中南大学、厦门大学、兰州大学、华南理工大学、西南交通大学、东南大学、云南大学、中山大学等,736,8.24%,607,7.33%,516,6.67%,,5.6%,,,,,,,
6,河北,华北理工大学,华北理工大学,318,3.65%,北京理工大学、上海交通大学、中国科学院大学、兰州大学、中国矿业大学等,268,2.99%,156,2.6%,,,,,,,,,,,
7,北京,中央民族大学,,,18.6%,复旦大学、上海交通大学、北京大学、清华大学、北京理工大学、南京大学等,533,18.61%,,12.7%,367,15%,,,,15.3%,,,,,
8,广西,广西师范大学,广西中医药大学,82,3.28%,保研本校人数约为三分之二，其余同学选择保研外校，且基本为双一流高校。其中，保研外校中人数较多的是北京大学、厦门大学、华南理工大学、中南大学、兰州大学、上海外国语大学等国内双一流院校,267,3.99%,237,3.72%,237,3.65%,,3.71%,,,,,,,
9,山东,曲阜师范大学,曲阜师范大学,525,6.44%, ,490,6.05%,423,4.92%,360,4.23%,,3.8%,,,,,,,
10,吉林,延边大学,延边大学,576,11.83%, ,468,9.46%,453,9.52%,437,9.6%,,,,9.6%,,,,,
11,浙江,浙江工业大学,,,11.12%,浙江工业大学2024届本科生中有17名学生被保送到浙江工业大学，有两名学生被保送到北京大学，有两名学生被保送到中国科学院，除此之外还有学生被上海外国语大学，南开大学，华东政法大学，华北电力大学，华南理工大学等院校录取为硕士研究生,590,12.41%,575,12%,577,12.24%,,12.3%,,12.3%,,,,,
12,天津,天津工业大学,,,10%,据目前统计到的数据来看，2022届推免生中，有推免至复旦大学、厦门大学、四川大学、东南大学、北京外国语大学等头部院校的同学。其中，电子与信息工程学院有保研至复旦大学的，人文学院有推免至北京外国语大学英语学院的，化学工程与技术学院有保研至四川大学的，电气与电子工程学院有保研至天津大学的，经济与管理学院有保研至东南大学、重庆大学和中南财经政法大学的，机械工程学院有保研至国防科技大学的，控制科学与工程学院有保研至天津大学的,374,7%,323,6.09%,273,6.09%,,5.1%,,3.3%,,,,,
13,安徽,安徽农业大学,安徽农业大学,379,7.12%,据目前统计到的数据来看，有10名学生被安徽大学录取为2024年硕士研究生，有3名学生被保送到上海外国语大学读研，有2名学生被保送到南开大学，有3名学生被保送到中国科学院,348,6.42%,316,6.94%,289,5.74%,,5.5%,,5.1%,,,,,
14,安徽,安徽师范大学,安徽师范大学,579,7.33%,根据往年安徽师范大学保研去向统计，2023届保研公示名单434人，其中保研本校约81人。（仅供参考）保研外校约353人。其中，选择安徽大学、华东政法大学、上海外国语大学等高校的人较多,492,8.25%,434,7.62%,409,7.31%,,6.7%,,6%,,,,,
15,山东,青岛科技大学,青岛科技大学,323,3.97%,根据往年青岛科技大学保研去向统计，北京航空航天大学、北京科技大学、北京邮电大学等北京地区985、211高校是青岛科技大学保研学生的热门选择,375,5.29%,320,4.38%,267,3.91%,,3.5%,,,,,,,
16,广东,华南师范大学,,730,10.1%,华东师范大学、首都师范大学、南京师范大学、南京大学、北京师范大学、东北师范大学、陕西师范大学、四川大学、湖南大学等,640,9.09%,564,8.04%,527,8.4%,,7.9%,,7.8%,,,,,
17,江西,南昌大学,南昌大学,1402,16.2%,复旦大学、南京大学、中国人民大学、中山大学、华南理工大学、湖南大学、中南大学等,1291,16.62%,1331,16.77%,1331,16.06%,,15.3%,,14%,,,,,
18,安徽,安徽财经大学,安徽财经大学,270,6.1%,上海财经大学、中央财经大学、对外经济贸易大学、中南财经政法大学、西南财经大学、中国科学技术大学等,241,4.9%,206,4.31%,192,3.67%,,3.3%,,3.3%,,,,,
19,浙江,浙江师范大学,浙江师范大学,329,6.5%,华东师范大学、厦门大学、浙江大学、东北师范大学、南京师范大学、北京师范大学、南京大学等,345,7.05%,264,5.78%,,,,6%,,,,,,,
20,辽宁,中国医科大学,中国医科大学,312,14.63%,北京大学医学部、北京协和医学院、复旦大学、上海交大、南京大学医学院、苏州大学、华中科技大学、西安交大医学部、浙江大学医学院、中科大生命科学院等,300,16.84%,261,14.16%,,9.75%,,10.04%,,9.6%,,,,,
21,北京,北京航空航天大学,北京航空航天大学,1811,47.14%,清华大学、北京大学、中国科学技术大学、南京大学、复旦大学、上海交通大学等,1844,52%,1366,39.56%,1185,31.12%,,26.9%,,27.6%,,,,,
22,河南,河南师范大学,河南师范大学,727,6.7%,华东师范大学、南京大学、吉林大学、中国科学院大学、北京外国语大学、北京师范大学、上海外国语大学、首都师范大学等,642,8%,590,6.47%,522,6.33%,,5.8%,,5%,,,,,
23,辽宁,辽宁大学,辽宁大学,603,12.09%,"保研本校人数约为五分之一，其余同学选择保研外校，且基本为双一流高校。
其中，保研外校中人数较多的是西南财经大学、东北大学、吉林大学、山东大学、中国科学院大学、上海大学、厦门大学、南开大学、东北财经大学、南京大学和中国传媒大学等国内顶尖院校",631,13.3%,587,13.26%,571,13.25%,,12.71%,,11.3%,,,,,
24,北京,中国地质大学（北京）,中国地质大学(武汉),1073,22.37%,"保研本校人数约为二分之一，其余同学选择保研外校，且基本为双一流顶尖高校。
其中，保研外校中人数较多的是浙江大学、武汉大学、复旦大学、北京大学、华中科技大学、清华大学等国内顶尖院校",529,25.35%,511,25.6%,511,24.72%,,23.8%,,22.3%,,,,,
25,陕西,西北工业大学,西北工业大学,1437,35.46%,保研本校人数约为五分之二，其余同学选择保研外校，且基本为双一流顶尖高校。其中，保研外校中人数较多的是北京大学、北京航空航天大学、大连理工大学、电子科技大学、东南大学、哈尔滨工业大学、南京大学、上海交通大学等国内顶尖院校,1267,33%,1202,31%,1091,29%,,27.1%,,25.9%,,,,,
26,北京,清华大学,清华大学,2142,61.2%,据悉，清华大学历届保研本校占比约40%，其余同学保外。保研外校的主要去向有：北京大学、复旦大学、中国人民大学、中国科学院大学、中山大学等,3688,76%,,70%,,58%,,58.3%,,58.38%,,,,,
27,北京,北京大学,北京大学(校本部),1954,65.07%,据悉，除保研本校的学生外，保研国内外校的学生主要选择清华大学、复旦大学、中国科学院大学等top高校。如2022届北京大学有67名保研同学保研到了中国科学院大学,1767,,,,,,,,,,,,,,
28,北京,中国科学院大学,中国科学院大学,262,64.85%,保研本校人数约为五分之四，其余同学选择保研外校。保研外校中，人数较多的是清华大学、北京大学、复旦大学、上海交通大学、中国科学技术大学等国内顶级院校,268,64%,199,49.1%,188,47.59%,,42%,,33.2%,,,,,
29,安徽,中国科学技术大学,中国科学技术大学,992,56.76%,"保研本校人数约为五分之四，其余同学选择保研外校。
保研外校中，人数较多的是北京大学、中国科学院大学、上海交通大学、复旦大学、清华大学等国内顶级院校。",1177,61.43%,921,48.73%,909,46.18%,,42%,,38.8%,,,,,
30,江苏,南京大学,南京大学,1381,48.05%,"据悉，南京大学保研本校占比超50%，南大保研学生绝大部分都会选择留在本校，原因是：①外保选择选择空间有限，且竞争激烈；②保本校相对容易。
其余具有保研资格的同学都保研到了清华大学，北京大学，中国科学院大学，中国科学技术大学，上海财经大学，上海外国语大学，中山大学，北京外国语大学，厦门大学等各大名校，外保实力也不容小觑",1589,48.5%,,39.55%,1209,37.47%,,34%,,31.3%,,,,,
31,上海,上海科技大学,上海科技大学,201,46.74%,"保研本校人数约为四分之三，其余同学选择保研外校。
保研外校中，人数较多的是中国科学院大学、上海交通大学、北京大学、复旦大学、国防科技大学、华中科技大学、清华大学等国内顶级院校",192,46%,181,43.46%,153,36.08%,,33.2%,,24.9%,,,,,
32,北京,北京理工大学,,,,保研本校人数约为五分之四，其余同学选择保研外校。总体而言，北理保研至TOP院校的人数较多，在985院校中具有较强的优势和实力。北理每年都有不少同学通过自己的努力成功上岸清北，也有同学保研到了中国科学院大学、南京大学、中山大学等国内顶尖院校，总体保研质量很高。另外，上海外国语大学、北京外国语大学、上海财经大学等专业性很强的院校每年也会接收一定数量的北理推免生，这些院校在行业内的认可度很高，也是非常不错的选择,1591,44%,1273,33.39%,1045,28.41%,,25.1%,,21%,,,,,
33,上海,上海交通大学,上海交通大学,1807,45.95%,据悉，除保研本校的学生外，保研外校的学生主要选择北京大学、清华大学、复旦大学、中国科学院大学等top高校。如2022届上海交通大学有31名保研同学保研到了北京大学,1733,43%,1531,30.73%,1415,34.81%,,32.6%,,31.4%,,,,,
34,上海,复旦大学,复旦大学,1521,44.13%,"总体而言，复旦大学除了有超过一半的推免生选择保研本校外，还有较多推免生能保研至各个TOP高校，在全国985院校中具有较大的优势和实力。复旦大学每年都会有同学保研到北京大学、清华大学、上海交通大学、南京大学等国内顶尖高校。另外，中国科学技术大学、中国科学院大学、上海交通大学、北京师范大学等专业性较强的院校每年也会接受较多数量的复旦大学推免生，这些院校的专业水平在业内认可度极高。
此外，2024年复旦大学拟录取的保研生共有2917人是硕士研究生，占比约73.57%。拟录取的博士研究生人数是1048人，占比约26.43%。拟录取保研硕士研究生的人数，比拟录取保研博士研究生的人数多1869人。",1459,41%,1334,38.62%,1242,37.22%,,33.8%,,30.4%,,,,,
35,浙江,浙江大学,浙江大学,2265,38.42%,"保研本校人数约为五分之三，其余同学选择保研外校。
保研外校中，人数较多的是北京大学、清华大学、中国科学院大学、南京大学、中国科学技术大学、中山大学、上海财经大学、上海外国语大学等国内双一流高校。",2572,40%,2146,33.97%,1955,29.01%,,25.7%,,25.9%,,,,,
36,上海,同济大学,同济大学,1689,35.54%,据统计，2024届同济大学的推免生中，保研外校的去向主要有：北京大学、上海交通大学、复旦大学、清华大学、北京师范大学、华东师范大学、南开大学、中国科学院大学等,1627,36.9%,1517,34.66%,1378,31.8%,,27.8%,,27.7%,,,,,
37,江苏,东南大学,东南大学,1319,32.24%,"保研本校人数约为三分之二，其余同学选择保研外校。
保研外校中，人数较多的是上海交通大学、南京大学、清华大学、同济大学、浙江大学、北京大学等国内顶级院校。",1482,35%,1139,29.85%,1011,25.3%,,23.1%,,21%,,,,,
38,北京,中国人民大学,中国人民大学,1144,39.02%,"保研本校人数约为四分之三，其余同学选择保研外校。
保研外校中，人数较多的是北京大学、中国科学院大学、中山大学、上海外国语大学、上海交通大学、复旦大学、清华大学、武汉大学等国内top高校。保研质量可以说是非常高，在中国高校内属于顶尖水平，加上地理位置优越，保研er们要好好把握机会啦~",1076,34%,995,35.9%,953,34.24%,,30.2%,,,,,,,
39,天津,南开大学,南开大学,1545,37.45%,据悉，南开大学近年保研外校占比约42%，保研外校具体去向为：北京大学、清华大学、复旦大学，中国人民大学，上海交通大学，南京大学等，外保实力也不容小觑！,1434,34.1%,,26.5%,1007,25.02%,,24.5%,,22.9%,,,,,
40,湖北,华中科技大学,华中科技大学,2480,37.2%,"保研本校人数约为五分之四，其余同学选择保研外校，且基本为双一流顶尖高校。
其中，保研外校中人数较多的是北京大学、清华大学、复旦大学、上海交通大学、中国人民大学、浙江大学、南京大学等国内顶尖院校。",2417,36.52%,2086,29.63%,1998,27.95%,,26.6%,,26.5%,,,,,
41,福建,厦门大学,,1505,28.8%,"保研本校人数约为三分之一，其余同学选择保研外校。
保研外校中，人数较多的是清华大学、北京大学、上海交通大学、复旦大学、浙江大学、中国人民大学、西安交通大学、中国科学技术大学等国内一流高校。",1450,31.95%,1278,24.14%,1192,24.39%,,23.4%,,23.2%,,,,,
42,北京,北京师范大学,北京师范大学,828,34.07%,"在2024届推免生中，有国际商学院学生保研至华东师范大学社会发展学院的，也有不少同学保研至北京大学马克思主义学院、中国语言文学系、物理学院等，有艺术与传媒学院同学保研至上海交通大学媒体与传播学院的，有哲学学院保研至四川大学道教与宗教文化研究所的。
总体来看，北师大保研的er选择保研本校的人数较多，且占比越来越高，外保的院校都非常好，很多学生保研到了清北复交人等顶尖院校。因此想要保送去更好的院校需要各位保研er提前做好准备，从绩点、科研论文、竞赛等方面全方位提升自己的竞争力，争取在保研面试中脱颖而出，上岸梦校！",650,30.05%,669,31.26%,692,36.35%,,35%,,33.6%,,,,,
43,山东,山东大学（校本部）,山东大学,2596,25.27%,从历年推免去向看，山东大学（校本部）保研同学每届的保研院校和去向基本处于稳定状态，通常一半以上的同学保研至本校。在2025届推免人数中，通过统计得知，保送清北复交人的众多，北京大学、上海交通大学、南京大学、中国人民大学、同济大学、南京大学等top院校是主要去向。,2004,30.06%,1617,25.9%,1620,26.13%,,25.4%,,20%,,,,,
44,北京,中国农业大学,中国农业大学,1140,32.56%,中国农业大学的推免同学中，选择保研本校的约占三分之一。其余大部分选择保研外校。从去向的外校情况来看，北京大学、上海财经大学、中国人民大学占比较大，成为农大推免生的前排选项。,1016,29.21%,929,28.84%,864,27.08%,,27.4%,,23.6%,,,,,
45,四川,四川大学,四川大学,2361,28.06%, ,2264,25%,2165,24%,2146,23.5%,,22.5%,,22.3%,,,,,
46,湖南,中南大学,中南大学,2051,25.71%,"保研本校人数越为四分之一，大部分同学选择保研外校，且基本为双一流顶尖高校。
其中，保研外校中人数较多的是湖南大学，华中科技大学，武汉大学，武汉理工大学，武汉科技大学，中山大学，华南理工大学，南方医科大学，四川大学，重庆大学，中国矿业大学，南京医科大学，东南大学，浙江大学等国内双一流院校。",2022,22.36%,1782,21.82%,1799,20.5%,,18%,,17.9%,,,,,
47,湖南,湖南大学,,,,"保研本校人数约为三分之二，其余同学选择保研外校，且基本为双一流顶尖高校。
其中，保研外校中人数较多的是华中科技大学、西安交通大学、浙江大学、厦门大学、华南理工大学、同济大学、武汉大学等国内顶尖双一流院校。",1240,24.4%,1195,23.51%,1114,22.04%,,20.23%,,19.7%,,,,,
48,陕西,西北农林科技大学,西北农林科技大学,1373,25.49%,"西北农林科技大学每年的保研院校和去向基本处于稳定状态，通常一半以上的同学保研至本校。
保研外校中拟录取人数较多共有10所高校，分别是西安交大、浙大、武大、中科院、天大、南大、复旦、清华、中大和中国农大。
总体来说，西北农林科技大学相当一部分部分同学可以保研至北京大学、清华大学、中国人民大学、中国科学院大学、南京大学等名校，保研质量比较高；保研率和保研名额逐年递增，保研形势也很可观。",1281,23.3%,1178,22.8%,1115,20.45%,,19.9%,,20.1%,,,,,
49,辽宁,大连理工大学,大连理工大学,1482,23.67%,"保研本校人数约为五分之三，其余同学选择保研外校，且基本为双一流顶尖高校。
其中，保研外校中人数较多的是北京大学、清华大学、复旦大学、上海交通大学、中国人民大学、浙江大学、南京大学等国内顶尖院校。",1440,23.06%,1339,21.69%,1189,19%,,19%,,18%,,,,,
50,吉林,吉林大学,吉林大学,2105,21.68%,"1.保研本校比例
从历年推免去向来看，吉林大学整体保研质量很高，保研本校比例较高，2022届共有853人保研本校，占比39.69%；2020届共有972人保研本校，占比48.64%；2019届共有838人保研本校，占比46.38%。
2.近几年保研至清北复交人人数
在外保的学生中，每年都有不少学生保研到清北复交人这些顶尖院校，尤其是2022届保研至复旦大学和上海交通大学的人数超过60人。",2290,23%,2277,22.78%,2149,20.79%,,20%,,19.7%,,,,,
51,山东,中国海洋大学,中国海洋大学,979,22.36%,"中国海洋大学保研同学每届的保研院校和去向基本处于稳定状态，通常一半以上的同学保研至本校。在2024届推免人数中，通过统计得知，保送top院校的众多，如北京大学、清华大学、复旦大学、上海交通大学、南京大学、中国人民大学、同济大学等。
总体来说，中国海洋大学的学校实力和推免生去向较为可观，各个学院都有去到头部院校的同学。",923,22.5%,868,22.79%,835,21.84%,,20.4%,,17.5%,,,,,
52,山东,山东大学（威海校区）,,509,16%,山东大学、中国科学院大学、复旦大学、西安交通大学、中国科学技术大学、清华大学、北京大学、上海交通大学、浙江大学、华中科技大学,533,15.71%,496,13.88%,464,12.89%,,12.4%,,,,,,,
53,黑龙江,哈尔滨工程大学,,1179,28.46%,"哈尔滨工程大学2024届推免1182人，保研本校约为640人，保研外校约为542人。
2024届保研部分去向：上海交通大学34人、中国科学技术大学22人、东南大学13人、清华大学12人（人数不精准）、西安科技大学约11人、南京大学7人、复旦大学5人、华江师范大学3人、北京大学3人、北京师范大学2人、同济大学1人、华南理工大学1人、中科院计算所4人、中科院自动化所2人、北京师范大学2人",1182,28.7%,1024,24.5%,943,22.5%,,20.8%,,20%,,,,,
54,北京,北京交通大学,,,,"在北京交通大学的保研同学中，有超过60%的同学选择了继续留在本校，对本校认可度非常高。
保研外校占比35%左右，其中中国科学院、清华大学、北京大学、浙江大学、华南理工大学录取人数较多",1123,27%,1033,25.4%,868,22.42%,,21.4%,,20.2%,,,,,
55,陕西,西安电子科技大学,,,,据统计，2024届西安电子科技大学的推免生中，保研外校约703人。主要去向是985高校，如北京大学、上海交通大学、复旦大学、清华大学、南开大学、中国科学院大学等,1493,25.35%,1297,23.53%,1208,21.88%,,20.1%,,19%,,,,,
56,江苏,南京航空航天大学,南京航空航天大学,1209,26.72%,"在保研去向中，南航有相当一部分同学被保送至以清华大学、东南大学和北京航空航天大学为代表的“985”院校，占到了保送外校人数的一半以上。
其中，保研外校中拟录取人数最多的是东南大学和北京航空航天大学。",1123,25.5%,987,22.4%,875,20.16%,,18.6%,,17.2%,,,,,
57,上海,上海财经大学,上海财经大学,479,23.43%,总体来看，上海财经大学的推免生选择保研本校的人数平均占比较高，超过50%的人留在了上财本校，由此也可说明上财在财经类学科上的吸引力是较强的。外保院校包括清北复交人等顶尖院校，近三年来，保研到复旦大学的人数明显增多,464,22.8%,402,21.07%,372,19.01%,,17%,,14.2%,,,,,
58,江苏,中国矿业大学(北京）,,407,19.11%,"保研本校人数约为三分之一，其余同学选择保研外校，且基本为双一流顶尖高校。
其中，保研外校中人数较多的是中科院、东南大学、山大、中科大、湖大、重大、西安交大、西工大、天大、浙大、华科大、中南、华工和西安电子科技大学等国内顶尖院校",1273,22%,1136,19.2%,1084,18.78%,,17.4%,,17.4%,,,,,
59,江苏,南京理工大学,,,,据统计，2024届南京理工大学的推免生中主要去向是北京大学、上海交通大学、复旦大学、清华大学、南开大学、中国科学院大学等,989,26.75%,950,23.24%,867,21.39%,,19.2%,,18.4%,,,,,
60,北京,对外经济贸易大学,对外经济贸易大学,503,22.37%,"保研本校人数约为五分之二，其余同学选择保研外校，且基本为双一流顶尖高校。
其中，保研外校中人数较多的是中国人民大学、北京大学、清华大学、复旦大学、上海交通大学、北京师范大学、中国科学院大学、北京外国语大学、南开大学等国内顶尖院校",509,20.6%,459,21.16%,421,21.92%,,19.12%,,16%,,,,,
61,北京,中央财经大学,,661,20.59%, ,522,20.59%,470,18.39%,440,15.24%,,15.2%,,13.1%,,,,,
62,吉林,东北师范大学,东北师范大字,542,5%,北京师范大学、华东师范大学、南开大学、中国科学院大学、安徽大学、上海外国语大学、外交学院等,710,18.96%,,18.1%,,18.71%,,23.1%,,23.1%,,,,,
63,北京,北京工业大学,北京工业大学,636,17.52%,据统计，2024届北京工业大学的推免生中主要去向是北京大学、上海交通大学、复旦大学、清华大学、南开大学、中国科学院大学等。另外还有部分同学保研到了北京科技大学、东北大学、哈尔滨工业大学、河海大学、华中师范大学、陕西师范大学、同济大学、上海大学、浙江大学、延边大学等院校。,590,18.6%,,12.73%,420,10.52%,,,,,,,,,
64,江苏,南京师范大学,,,,"统计了2023南京师范大学保研来源排名前15的院校，保研来源人数最多的院校是南京师范大学本校，其次是安徽师范大学，再就是扬州大学。
●来自南京师范大学本校的930名推免生中，数学专业的学生最多，有32人。各个学科教学类专业的学生共有158人，总的来说教育类专业人数最多。
●来自安徽师范大学的推免生分布在自然地理学、数学、中国史等24个专业。
●来自扬州大学的教育类专业推免生最多。",806,17.44%,566,16%,656,15.06%,,14.49%,,13.59%,,,,,
65,安徽,安徽大学,安徽大学,936,11.82%, ,827,14.04%,809,13.95%,782,14.08%,,14.2%,,14.3%,,,,,
66,江苏,江南大学,江南大学,877,16.85%,"保研本校人数约为五分之二，其余同学选择保研外校，且基本为双一流顶尖高校。
其中，保研外校中人数较多的是华南理工大学、上海财经大学、华东政法大学、北京大学、上海外国语大学、西南政法大学等国内高水平院校",842,17%,70,15.5%,721,14.58%,,12.4%,,12.4%,,,,,
67,安徽,合肥工业大学,,1353,16.35%,"官方数据显示，合工大保研本校人数每年约在100人左右，占比较小，大部分同学选择保研外校。
保研外校中，保研去向较多的学校是中国科技大学及中国科学院各研究所、东南大学、浙江大学、西北工业大学、中南大学、湖南大学等，上述院校均超过40人。
总体来看，合肥工业大学的保研去向中，985高校录取占比非常高，超过70%，保研质量较高。",1252,15.59%,1159,14.4%,1112,13.61%,,12.6%,,11.9%,,,,,
68,湖北,中南财经政法大学,中南财经政法大学,746,14.71%,"近年来，中南财经政法大学的推免生选择保研本校的平均占比在25%左右，其余人则选择了保研外校。保研外校中，学校分散程度也较高，共有超过50所院校有录取。
录取人数10人以上的院校有：厦门大学、中国政法大学、厦门大学、中国人民大学、武汉大学、对外经济贸易大学等政法和财经类强校或综合类大学中的优势学科",747,14.73%,664,12.41%,617,12.31%,,10.7%,,10.2%,,,,,
69,云南,云南大学,云南大学,614,13.65%,据统计，2024届云南大学575名推免生中，保研外校的去向主要有：北京大学、中国科学院大学、武汉大学、上海外国语大学、中南大学等。此外，云南大学（研究生院）2024年拟录取推免生321人，其中直博生1人、硕士推免生320人，较上年明显增加。,575,15%,552,13.3%,536,12.2%,,10.7%,,10.5%,,,,,
70,江苏,苏州大学,苏州大学,1014,15.54%,"根据苏州大学今年来保研同学的院校去向情况，三分之一的同学选择留在本校，其他三分之二则选择了去往外校，这一数据间接说明苏大对保研同学还是具备相当的吸引力的。在保研外校的院校中，双一流院校录取高达98%，985院校录取超过50%，说明苏州大学的保研质量非常可观的。
同时，985院校中复旦大学、南京大学、东南大学等国内前列985院校录取人数也均在30人以上",850,12.71%,821,12.27%,816,12%,,10.6%,,10.12%,,,,,
71,广东,南方科技大学,,,,"保研本校人数约为三分之二，其余同学选择保研外校。其中，保研到北京大学的共有7人，占比约2.08%。保研到上海财经大学的，共有5人，占比约1.48%。
南科大每年都有不少同学通过自己的努力成功上岸清北，也有同学保研到了上海交通大学、中国科学院大学等国内顶尖院校，总体保研质量很高。另外，上海财经大学等专业性很强的院校每年也会接收一定数量的南科大推免生，这些院校在行业内的认可度很高，也是非常不错的选择。",337,30.8%,307,28.85%,297,29%,,23.09%,,23.1%,,,,,
72,山西,山西大学,,,,"在山西大学的保研同学中，保研本校和保研外校的比例大概为1：2.5，大部分同学选择前往更高层次院校深造。
保研外校名单不乏中国科学院大学、厦门大学、中山大学、山东大学、中国社会科学院大学和上海外国语大学等一众一流院校",762,12.38%,700,12.03%,666,11.29%,,10.3%,,9.6%,,,,,
73,江苏,南京林业大学,南京林业大学,635,9.71%,在南京林业大学2023届的保研去向中，保研本校约78人，保研外校约390人，大部分同学选择了更高层次的院校读研，且外校名单中不乏中国科学院大学、华南理工大学、中南大学等理工类优势学科院校,550,9.15%,468,7.79%,425,7.1%,,7.1%,,8%,,,,,
74,江苏,南京信息工程大学,南京信息工程大学,645,8.21%, ,537,8.17%,441,6.75%,360,6.05%,,5%,,5%,,,,,
75,北京,国际关系学院,国际关系学院,94,21.51%,在国际关系学院保研同学中，保研外校的名校占比非常高。其中不乏有北京大学、中国人民大学、武汉大学、外交学院和中国科学院等国内顶尖文科学府,79,17.06%,78,15.69%,72,15.4%,,,,,,,,,
76,河北,燕山大学,燕山大学,612,10.81%,据统计，2024届燕山大学587名推免生中，保研本校32人，保研外校555人。保研外校的去向主要有：南开大学、中国科学院大学、安徽大学、上海外国语大学、外交学院等,587,9.67%,561,9%,531,8.52%,,7.9%,,7.6%,,,,,
77,河北,河北大学,河北大学,665,9.5%,据统计2024届河北大学的推免生中，保研河北大学本校34人，保研外校591人。保研外校主要去向是上海外国语大学、华东师范大学、清华大学、南开大学、中国科学院大学等,625,8.93%,593,8.47%,578,8.26%,,7.7%,,7.1%,,,,,
78,安徽,安徽医科大学,安徽医科大学,330,8.65%,据不完全统计，安徽医科大学2024届本科生中，有1名学生被保送到中国疾病预防控制中心，有2名学生被保送到上海中医药大学。综合类院校的医学专业中，中南大学、南京大学和安徽大学占比较高，其中有6名学生被保送到安徽大学攻读硕士研究生学位,280,8%,239,7.93%,214,6.71%,,6.1%,,5.8%,,,,,
79,陕西,西南政法大学,西南政法大学,291,6.71%,"据统计2024届西南政法大学的推免生中，保研外校主要去向是中国政法大学、北京师范大学、武汉大学、南开大学、中国科学院大学等。
此外，根据西南政法大学（研究生院）2024年推荐免试研究生拟录取名单，2024年拟录取推免生152人，较上年明显增加",282,6.17%,246,5.72%,246,5.72%,,5.4%,,5.4%,,,,,
80,北京,北京工商大学,北京工商大学,221,6.72%,北京工商大学保研同学的院校去向情况良好，大部分同学没有选择留在本校，而且去想了更高层次的高校深造，根据不完全统计数据，在外校名单中，北京工商大学保研同学的去向中985、211占比较高，其中也不乏中山大学、浙江大学、南京大学等一流高校,191,5.82%,180,6.79%,175,5.43%,,5.9%,,4.8%,,,,,
81,广东,深圳大学,深圳大学,441,6.19%,"深圳大学每年保研同学的保研院校和去向基本处于稳定状态，通常一半以上的同学保研至本校，充分体现了深大地区和资源的强劲优势。外校的取向上，华南地区高校占比觉较大，华南理工大学位列第一，其次中国科学院大学和深圳地区的研究所也成为相当数量同学的选择。
值得注意的是，在近年深圳大学的保研去向中，也有一些同学成功进去了清华大学、北京大学和中国人民大学等国内第一梯度高校。由此可以看出深圳大学整体实力的认可度是极高的",376,5.17%,302,4.56%,300,4.68%,,3.3%,,,,,,,
82,云南,昆明理工大学,昆明理工大学,356,4.3%,"昆明理工大学2023届328名同学保研去向如下：

★保研本校：53人，占比16.16%；

★保研外校：275人；占比83.84%。

其中：双一流院校录取248人，占比75.61%；

985院校录取129人，占比39.33%；

211院校录取226人，占比68.9%。

目前统计到326人的具体录取去向，暂有2人未统计到。特别说明：因存在大量同名同姓的情况，通过姓名及专业的比对结果故存在偏差，仅供参考。",358,4.48%,328,4.34%,,5.13%,,,,,,,,,
83,安徽,安徽理工大学,安徽理工大学,352,4.14%,"据不完全统计，安徽理工大学2023届保研拟录取高校中：211高校占比超80%，985高校占比超30%；省内高校占比超30%。
拟录取人数最高的高校是本校，有30人，其次是合肥工业大学16人，南京航空航天大学14人，东华理工大学11人，中国科学技术大学大学10人。保研大连理工大学8人，中南大学5人，山东大学4人，东北大学4人，厦门大学2人吉林大学2人，东南大学2人，西北工业大学2人，湖南大学2人，清华大学1人，浙江大学1人，中国海洋大学1人，安徽大学8人。",297,4.15%,240,3.66%,219,3.35%,,3.8%,,3.7%,,,,,
84,湖南,中南林业科技大学,中南林业科技大学,290,4.74%,"2023中南林业科技大学保研去向最多的学校是中南大学，其次是湖南大学，然后是华南理工大学。保研去向中南大学的有29人，其中人数较多的专业是材料与化工专业，有8人，其次是土木水利专业有6人，其余电子信息、资源与环境、机械等专业录取人数均不满5人。
•保研到湖南大学的20人分散在环境科学与工程、生物学、建筑学等14个专业。",250,4.07%,209,3.44%,189,3.12%,,2.8%,,2.8%,,,,,
85,河南,华北水利水电大学,,,,在华北水利水电大学2024届保研的同学中，保研外校的名校占比非常高。其中中国科学院大学、华南理工大学、中南大学和西南交通大学等理工科优势学科院校成为主要去向。文科保研去向则主要集中于上海外国语大学等语言特色高校,303,3.98%,259,3.43%,,,,,,,,,,,
86,湖北,武汉工程大学,武汉工程大学,259,5.15%,武汉大学、华东政法大学、中南大学、重庆大学、浙江大学、清华大学、北京大学、中山大学等,219,3.98%,168,3.17%,137,2.8%,,1.6%,,1%,,,,,
87,四川,四川师范大学,四川师范大学,397,3.98%, ,387,3.9%,374,4.28%,372,4.2%,,4.3%,,3.6%,,,,,
88,黑龙江,黑龙江八一农垦大学,黑龙江八一农垦大学,189,3.93%, ,163,3.64%,138,2.96%,106,2.35%,,2.47%,,,,,,,
89,广东,广州大学,广州大学,236,6.07%,"保研本校人数约为五分之一，其余同学选择保研外校，且基本为双一流高校。
其中，保研外校中人数较多的是华南师范大学、暨南大学、华南理工大学、深圳大学、华中师范大学、中国科学院大学、北京师范大学、重庆大学和湖南大学等国内高水平院校。",196,2.6%,164,2.15%,150,1.98%,,1.9%,,1.9%,,,,,
90,陕西,西北大学,,,, ,658,19.77%,598,18.3%,575,18%,,17.1%,,15%,,,,,
91,陕西,西北师范大学,西北政法大学,132,4.27%, ,702,15%,641,14.6%,646,14.69%,,12.95%,,,,,,,
92,江苏,南京工业大学,南京工业大学,442,6.64%,2023南京工业大学保研去向人数最多的院校是华东理工大学，其次是东南大学，再就是厦门大学。保研去向华东理工大学的24名推免生中，有7人选择生物工程专业，6人选择动力工程及工程热物理专业。保研去向东南大学的推免生分散在土木水利、建筑学、化学工程与技术等12个专业。保研去向厦门大学的推免生分散在材料工程、有机化学、物理电子学等专业。,,5.8%,357,4.88%,,4.28%,,,,,,,,,
93,江苏,河海大学,河海大学,1048,19.55%,,,,933,18.39%,,,,16.39%,,,,,,,
94,江苏,南通大学,,,,"在已有数据中南通大学推免生保研去向最多的院校是南通大学本校，其次是苏州大学。
①保研至南通大学本校的同学中上岸纺织科学与工程专业的有11人，选择学科教学(生物)专业的有8人，选择人工智能、信息与通信工程专业的同学分别有6人，选择体育学、艺术设计专业的分别有5人；
②保研到苏州大学的推免生中有3人上岸内科学专业，选择物理学、材料科学与工程专业的分别有2人，选择药学、学科教学(语文)、学科教学(英语)等专业的则分别有1人；",314,4.64%,206,,,,,,,,,,,,
95,江苏,南京农业大学,南京农业大学,957,21.75%,南京农业大学2023届保研本校约为201人，外校拟录取人数较多的高校有：浙江大学70人、中国科学院57人、中国农业大学32人、复旦大学29人、东南大学28人、上海交通大学23人、南京大学23人、南京航空航天大学16人、武汉大学15人、南京师范大学15人、湖南大学14人、中国科学技术大学12人、厦门大学12人、四川大学11人、中山大学11人、华中科技大学11人、华南理工大学10人、山东大学10人、北京大学9人、天津大学9人、中国人民大学8人、华东师范大学8人、南开大学8人、河海大学8人、中南大学7人、大连理工大学7人、华东理工大学7人、上海财经大学6人、北京师范大学6人、中国海洋大学6人。,,21.11%,834,19%,777,18.2%,,16.8%,,15.7%,,,,,
96,江苏,南京医科大学,,,,"南京医科大学2023届297名同学保研去向如下：
★保研本校：143人，占比48.15%；
★保研外校：154人；占比51.85%.
保研外校154名同学中，目前统计到150人的录取去向，暂有4人未统计到。特别说明：因存在大量同名同姓的情况，通过姓名及专业的比对结果有一定偏差，仅供参考。",350,14.34%,300,,258,,,,,,,,,,
97,江苏,中国药科大学,,,, ,,21%,516,19%,495,18.9%,,16.9%,,15.6%,,,,,
98,江苏,南京中医药大学,南京中医药大学,372,11.97%, ,,10.74%,272,12.39%,221,7.87%,,,,,,,,,
99,江苏,扬州大学,扬州大学,585,7.51%,"扬州大学2023届488名同学保研去向具体如下：

★保研本校：295人，占比60.45%；

★保研外校：193人；占比39.55%。

其中：双一流院校录取176人，占比36.98%；

985院校录取78人，占比16.39%；

211院校录取161人，占比33.82%。

目前统计到476人的具体录取去向，暂有12人未统计到。特别说明：因存在大量同名同姓的情况，通过姓名及专业的比对结果故存在偏差，仅供参考",,,488,,461,,,,,,,,,,
100,江苏,江苏师范大学,江苏师范大学,358,7.04%, ,,,424,,,,,,,,,,,,
101,湖北,长江大学,,,, ,,,292,,264,,,,,,,,,,
102,湖北,武汉大学,,,,"武汉大学2023届共有2270人获得推免名额，小编查询对比到的只有大约746人。在已有数据中武汉大学推免生保研去向最多的院校是武汉大学本校，其次是北京大学。
①在小编已经收集到的数据中，保研去向武大本校的推免生有630人，其中选择临床医学专业的推免生是最多的，其次是选择摄影测量与遥感以及信息与通信工程专业，分别有30人以及28人；
②保研去向北京大学的有103人，其中有9人选择了生物学，选择电子信息、化学、自然地理学专业的推免生分别有7人。",,29.81%,2270,27.93%,,,,25.2%,,,,,,,
103,湖北,武汉科技大学,,,,"武汉科技大学保研去向最多的院校是武汉科技大学本校，其次是华南理工大学，再就是中南大学和华中科技大学。可以看出武汉科技大学的推免生在推免时倾向于选择华南地区的学校。
●保研至武汉科技大学本校的351人分别去向了87个专业，其中有7个专业的录取人数在10人及以上:机械电子工程12人；电子信息工程11人；土木工程、软件工程、临床医学、计算机科学与技术、化学工程与工艺各有10人。其余自动化、机械工程、采矿工程等专业录取人数在1-8人不等。
●保研至华南理工大学的15人有4人选择材料科学与工程专业，3人选择机械工程专业。其余社会工作等6个专业录取人数在1-2人。",,6.68%,380,6.24%,346,5.73%,,5.1%,,4.7%,,,,,
104,湖北,华中农业大学,,,,"华中农业大学2023年推免名额为9096，在已有数据中华中农业大学推免生保研去向最多的院校是华中农业大学本校，其次是武汉大学以及华中科技大学。
保研至华中农业大学本校的同学中上岸作物遗传育种、风景园林学专业的占多数，分别有15人，生物工程的有11人，选择预防兽医学、社会工作专业的同学均为10人；
保研到武汉大学的推免生中有7人上岸化学专业，选择遗传学、微生物学(普微)、生物化学与分子生物学、发育生物学的分别有3人；
保研到华中科技大学的推免生中选择生物学、基础医学、环境科学与工程专业的分别有3人，选择社会工作、化学、风景园林、动力工程及工程热物理专业的则分别有2人。",,,906,,,,,,,,,,,,
105,湖北,武汉理工大学,,,, ,1666,18.32%,1509,16.76%,1423,15.62%,,14.9%,,14.8%,,,,,
106,湖北,华中师范大学,华中师范大学,699,13.35%,华中师范大学23保研去向总体质量非常高：流向北师大和华东师大人数最多，武大和华科录取人数也非常多。北京大学、清华大学、复旦大学、上海交通大学、南京大学、浙江大学、中国科学技术大学、中国人民大学等顶尖名校录取人数占比大。,,9.46%,432,9.28%,400,8.67%,,9.1%,,9.1%,,,,,
107,湖北,湖北中医药大学,,,, ,,,144,,130,,,,,,,,,,
108,湖北,湖北大学,湖北大学,421,8.21%,"湖北大学2023届329名同学保研去向具体如下：

★保研本校：38人，占比11.55%；

★保研外校：291人；占比88.45%。

其中：双一流院校录取242人，占比82.03%；

985院校录取88人，占比29.83%；

211院校录取224人，占比75.93%。

目前统计到295人的具体录取去向，暂有34人未统计到。特别说明：因存在大量同名同姓的情况，通过姓名及专业的比对结果故存在一定偏差，此结果仅供参考。",,,329,,,,,,,,,,,,
109,湖北,武汉体育学院,武汉体育学院,107,3.27%, ,,,81,,80,,,,,,,,,,
110,湖南,吉首大学,吉首大学,147,2.78%, ,,,92,1.61%,76,2%,,1.3%,,3.22%,,,,,
111,湖南,湖南科技大学,湖南科技大学,289,3.77%, ,256,3.36%,184,2.45%,143,1.66%,,,,,,,,,
112,湖南,湖南师范大学,湖南师范大学,861,13.91%,"从学校公布的2023届保研人数来看，学校共有837人获得了保研机会，其中保研留校深造的学生人数为301人，保研到外校深造的人数达到了536人。这些保研的学生去向大部分都已经统计清楚，只有39人未能统计到具体的保研去向，其余的798人中，985院校占357人、211高校占774人（含985院校）、中国科学院录取9人，双一流大学录取778人，另外有20人去向了“四非”院校。
湖南师范大学保研学生去向中，湖南省内高校占主流。除本校301人以外，中南大学80人、湖南大学54人居保研学生去向前两位，另外国防科技大学9人，这是很多网友所不能想到的。湖南省内4所高校占保研学生去向的55.6%左右，一大半保研学生留在了省内高校深造。",,14.31%,837,14.05%,725,12.44%,,13.33%,,13.2%,,,,,
113,湖南,南华大学,,,,"南华大学2023届普通类239名同学保研去向具体如下：

★保研本校：2人，占比0.84%；

★保研外校：237人；占比99.16%。

其中：双一流院校录取192人，占比84.21%；

985院校录取115人，占比50.44%；

211院校录取173人，占比75.88%。

目前统计到228人的具体录取去向，暂有11人未统计到。特别说明：因存在大量同名同姓的情况，通过姓名及专业的比对结果故存在一定偏差，此结果仅供参考。",,,239,3.27%,196,2.82%,,2.3%,,2.4%,,,,,
114,安徽,蚌埠医学院,,,5.2%,"在可查询到的数据中，蚌埠医学院推免生去向最多的蚌埠医学院本校，其次是苏州大学、以及山东大学。
保研到蚌埠医学院的同学中人数占多数的是选择临床医学专业的同学有28人，护理学专业9人，医学影像学6人，制药工程以及医学检验技术专业的有5人。
保研到苏州大学的推免生分别选择了药学、外科学、神经病学、神经病学、精神病与精神卫生学等专业；保研到山东大学的推免生有2人选择了公共卫生专业，其他选择细胞生物学、流行病与卫生统计学、骨科学专业的分别有1人。
除以上提到推免生选择最多的3所院校之外，蚌埠医学院23届推免生保研去向中国科学技术大学的有4人，去向江南大学以及华东理工大学的分别有3人，中南大学、中国地质大学（武汉）、江苏大学、复旦大学、安徽大学的分别有2人。
在蚌埠医学院保研去向数据中已知院校中有7所是985院校，15所是211院校以及19所是双一流院校。",,5.17%,99,4.11%,76,2.8%,,,,,,,,,
115,安徽,安徽工业大学,安徽工业大学,282,4.41%,"安徽工业大学2023届195名保研同学录取去向总体情况：

保研本校：21人；

保研外校：174人（59所院校）；

暂未统计到去向人数：9人。

211院校录取154人，其中：985院校录取74人。211院校录取率80.0%，985院校录取率38%。

拟录取人数最多的院校是本校，达21人，占比达1/5。外校中，中国科学技术大学录取人数最大有13人，其次是中南大学和南京航空航天大学各录取11人。合肥工业大学和安徽大学各录取8人和4人。",,4%,195,3.28%,162,2.83%,,2.9%,,,,,,,
116,黑龙江,哈尔滨理工大学,哈尔滨理工大学,255,3.93%,"哈尔滨理工大学2023届254名同学保研去向如下：

★保研本校：24人，占比9.45%；

★保研外校：230人；占比90.55%；

其中：双一流院校录取214人，占比84.25%；

985院校录取144人，占比56.70%；

211院校录取213人，占比83.86%。

保研外校230名同学中，目前统计到230人的录取去向。特别说明：因存在大量同名同姓的情况，通过姓名及专业的比对结果有一定偏差，仅供参考。",,3.93%,254,3.58%,238,3.04%,,3.1%,,,,,,,
117,黑龙江,黑龙江科技大学,黑龙江科技大学,113,2.73%,,,1.5%,81,1.49%,72,1.26%,,1.5%,,1.5%,,,,,
118,黑龙江,东北农业大学,东北农业大学,732,11.89%,在已有数据中东北农业大学推免生保研去向最多的院校是东北农业大学本校，其次是吉林大学，再就是山东大学。,,11.64%,652,11.43%,600,10.18%,,9.3%,,7.7%,,,,,
119,黑龙江,东北林业大学,东北林业大学,1037,20.74%, ,,21.32%,888,18.7%,813,17%,,15.7%,,14.1%,,,,,
120,黑龙江,哈尔滨商业大学,哈尔滨商业大学,200,3.28%,在已有数据中哈尔滨商业大学推免生保研去向最多的院校是哈尔滨商业大学本校，其次是山东大学，再就是中南财经政法大学、西南财经大学、深圳大学以及吉林大学。,,2.3%,150,2.51%,141,2.25%,,2%,,,,,,,
121,吉林,东北电力大学,,205,4.24%, ,,3.73%,146,2.87%,131,3.18%,,,,,,,,,
122,重庆,重庆医科大学,,,, ,394,10.2%,338,8.98%,303,8.4%,,7%,,7%,,,,,
123,重庆,重庆大学,重庆大学,1594,25.11%, ,,23.69%,1396,22.04%,1367,21.6%,,20.63%,,19.94%,,,,,
124,重庆,西南大学,,,,西南大学2024届本科生中，有13名学生被中国科学院录取，有147名学生被西南大学录取(不完全统计)，有六名学生被保送到北京大学攻读硕士研究生学位。此外还有学生被保送到同济大学，武汉大学，上海财经大学，南开大学等院校学习。,,11.43%,868,11.54%,,,,,,8.28%,,,,,
125,重庆,四川外国语大学,,,,四川外国语大学2024届本科生中有13名学生被四川外国语大学录取为硕士研究生，有两名学生被保送到北京大学读研，有九名学生被保送到上海外国语大学，除此之外，还有学生被南开大学，华东政法大学，上海财经大学，外交学院，同济大学等院校录取为硕士研究生。,150,4.5%,145,4.3%,,,,,,,,,,,
126,海南,海南师范大学,海南师范大学,97,1.57%, ,,1.3%,66,1.71%,,1.54%,,1.5%,,,,,,,
127,海南,海南大学,,,, ,,7.7%,649,7.72%,638,6.7%,,6.7%,,,,,,,
128,云南,云南师范大学,云南师范大学,273,3.58%, ,,4.4%,237,3.62%,218,3.27%,,,,,,,,,
129,云南,云南农业大学,,,, ,,,81,1.2%,,,,,,,,,,,
130,广西,桂林理工大学,桂林理工大学,141,1.81%,,136,1.5%,115,1.54%,105,1.51%,,,,,,,,,
131,甘肃,兰州大学,,,,,,27%,1215,26.76%,1151,24.77%,,24.27%,,22.1%,,,,,
132,甘肃,兰州理工大学,,,6%,"2023兰州理工大学保研去向排名前10的院校，保研去向人数最多的院校是兰州理工大学本校，其次是西安电子科技大学，再就是西北工业大学。可见兰州理工大学的推免生倾向于选择西北地区的院校。
●保研去向兰州理工大学本校的175名推免生人数最多的专业是机械设计制造及其自动化(红柳基地班)和电气工程及其自动化专业，各有11人。其余软件工程、物联网工程等专业人数较少。
●保研去向西安电子科技大学的16人中有4人被计算机技术专业录取，信息与通信工程、人工智能、机械工程等专业人数在3人以下。
●保研去向西北工业大学的14人里有6人是在材料工程专业的。",,4.4%,249,4.41%,220,3.92%,,3.4%,,,,,,,
133,甘肃,甘肃农业大学,甘肃农业大学,282,6.49%, ,242,5.39%,210,4.77%,,4.08%,,,,,,,,,
134,甘肃,兰州交通大学,兰州交通大学,236,4.31%,"兰州交通大学2023届191名同学保研去向具体如下：

★保研本校：4人，占比2.10%；

★保研外校：187人；占比97.9%。

其中：双一流院校录取164人，占比90.61%；

985院校录取60人，占比90.06%；

211院校录取163人，占比33.15%。

目前统计到181人的具体录取去向，暂有10人未统计到。",,3.91%,191,3.35%,185,3.25%,,,,,,,,,
135,青海,青海大学,,,,"青海大学2023届普通类231名同学保研去向具体如下：

★保研本校：10人，占比4.33%；

★保研外校：221人；占比95.67%。

其中：双一流院校录取215人，占比98.17%；

985院校录取132人，占比60.27%；

211院校录取192人，占比87.67%。",,4.9%,231,4.97%,204,4.8%,,,,,,,,,
136,新疆维吾尔自治区,石河子大学,石河子大学,672,12.17%, ,,14.62%,550,10.12%,,9.18%,,8.49%,,7.4%,,,,,
137,新疆维吾尔自治区,新疆农业大学,新疆农业大学,249,3.53%, ,,3.51%,170,3.54%,,,,,,,,,,,
138,天津,天津大学,天津大学,1656,35.05%,保研去向以本校为主，外校去向包括清华、北航、浙大等,1592,33.9%,1337,28.3%,1182,24.22%,,23.7%,,23%,,,,,
139,福建,厦门大学(校本部),厦门大学(校本部),1614,27.83%,"厦门大学2023届1278名保研同学录取去向如下：
保研本校：538人，占比42.1%；
保研外校：740人（65所院校）；
暂未统计到去向人数：62人。
顶尖名校录取人数情况如下：共录取407人，具体如下：
★北京大学拟录取：54人；★清华大学拟录取：37人；★北京大学医学部拟录取：12人；★复旦大学拟录取：61人；★上海交通大学拟录取：39人；★中国科学技术大学拟录取：18人；★浙江大学拟录取：46人；★南京大学拟录取：43人；★中国人民大学拟录取：38人；★中国科学院拟录取：48人；★国防科技大学拟录取：5人。★北京协和医学院拟录取：6人。",1476,31.95%,1278,,1192,,,,,,,,,,
140,北京,北京大学(医学部),北京大学(医学部),226,26.13%,,235,28.59%,225,,,,,,,,,,,,
141,北京,中国政法大学,,,31.06%,"中国政法大学2024届本科毕业生一共有595人获得研究生录取资格，其中143人获得校外录取资格，452人获得本校录取资格。共有10人获得本校直博生录取资格，1人获得中中社会科学院大学直博生录取资格。

584人获得硕士录取资格，其中保研本校442人、保研外校142人。其中定向本校推免230人（法学实验班、外国语学院双专业双学位、退役大学生、研究生支教团）。

推免外校人数较多的学校：中国人民大学25人、北京大学12人、复旦大学10人、吉林大学7人、中南财经政法大学7人、北京航空航天大学5人、南京大学5人、山东大学5人、华东师范大学4人、清华大学4人、同济大学4人、武汉大学4人、西南政法大学4人、浙江大学4人、北京师范大学3人、深圳大学3人、苏州大学3人。",595,27.28%,624,28%,565,25.98%,,23.6%,,20.5%,,,,,
142,四川,西南交通大学,西南交通大学,1352,19%,,1290,17.84%,,17.78%,1234,16.94%,,16.3%,,16.5%,,,,,
143,内蒙古,内蒙古大学,内蒙古大学,516,13.14%,,486,14.21%,,11.65%,,13.39%,,10.3%,,,,,,,
144,河南,河南大学,,,,,1157,13.37%,1098,12.86%,1051,11.9%,,10.1%,,9.6%,,,,,
145,湖南,湘潭大学,湘潭大学,779,12.8%, ,744,12.51%,691,12%,643,10.7%,,10.2%,,10.1%,,,,,
146,福建,福州大学,,,, ,655,10.56%,615,10.17%,,9.73%,,8.2%,,,,,,,
147,四川,四川农业大学,四川农业大学,967,10.26%,"数据显示：保研本校人数约为1/3，其余同学选择保研外校，且基本为双一流顶尖高校。
其中，保研外校中人数较多的是北京大学、北京航天航空大学、电子科技大学、东南大学、华南理工大学等国内双一流顶尖院校。",963,10.34%,837,9.27%,747,8.21%,,6.7%,,6.3%,,,,,
148,江苏,南京邮电大学,南京邮电大学,666,11%, ,580,10.25%,474,7.96%,382,7.27%,,5.5%,,4.4%,,,,,
149,辽宁,沈阳药科大学,,,, ,183,8.47%,,8.27%,,8.74%,,,,,,,,,
150,上海,上海海洋大学,上海海洋大学,283,9.29%,,243,7.95%,,7.03%,,,,,,,,,,,
151,浙江,中国美术学院,中国美术学院,178,9.8%,2023中国美术学院90%以上的推免生都选择了保研本校，其中人数最多的专业是艺术设计专业和美术专业，分别有25人和20人；其次是设计学专业12人。除此之外，保研去向其他几所院校的都各有1人。,140,7.88%,,6.19%,,,,5.3%,,,,,,,
152,上海,上海理工大学,上海理工大学,320,7.95%, ,280,6.93%,245,5.96%,,,,,,4.8%,,,,,
153,四川,成都中医药大学,成都中医药大学,385,8.07%, ,318,6.78%,271,8.72%,215,4.6%,,,,,,,,,
154,陕西,西安建筑科技大学,,,, ,313,6.47%,281,5.61%,266,5.26%,,5%,,4.5%,,,,,
155,福建,厦门大学(马来西亚分校),,,,,42,6.28%,37,,36,,,,,,,,,,
156,广东,华南农业大学,华南农业大学,576,6.24%,"2023届公示名单425名同学，
其中保研本校约92人。（根据姓名专业比对，不精准，仅供参考）
保研外校约333人。",517,5.16%,425,4.55%,,3.9%,,3.7%,,3.7%,,,,,
157,湖南,湖南中医药大学,,,,"保研去向人数最多的院校是湖南中医药大学本校，其次是中南大学，再就是中国药科大学。除列举的院校之外，还有复旦大学、上海交通大学、北京协和医院等院校。
●湖南中医药大学保研至本校的22名推免生中，中医内科学专业人数最多，有6人。中医外科学、护理、中药学人数在4人及以下。
●湖南中医药大学保研至中南大学的21名推免生中，有4人是放射影像学专业的。其余内科学、外科学、药学等专业人数在3人及以下。
●湖南中医药大学保研至中国药科大学的9人分布在制药工程学、生药学、中药制剂学等专业。",175,4.92%,,4.12%,,3.11%,,3.1%,,3.1%,,,,,
158,上海,上海海事大学,,,, ,197,4.89%,169,4.28%,,,,3.4%,,3.4%,,,,,
159,江苏,徐州医科大学,,,,"2023届公示名单111名同学，
其中保研本校约26人。（根据姓名专业比对，不精准，仅供参考。徐州医科大学研究生院2023年拟录取推免生37人，其中比对出本校26人，另有3名研支团成员不在保研公示名单中。）
保研外校约11人。",147,4.87%,111,3.53%,,,,2.9%,,,,,,,
160,重庆,重庆邮电大学,重庆邮电大学,262,5.04%, ,243,4.79%,212,4.1%,,,,3.5%,,3.5%,,,,,
161,吉林,吉林财经大学,吉林财经大学,116,4.51%, ,99,4.34%,82,2.93%,,,,,,,,,,,
162,江西,江西中医药大学,江西中医药大学,159,4.4%, ,119,4.06%,,2.91%,,,,1.4%,,1.4%,,,,,
163,福建,福建农林大学,福建农林大学,321,5.59%, ,271,3.99%,251,,246,,,,,,,,,,
164,河北,河北工程大学,河北工程大学,252,4.35%,在已有数据中河北工程大学推免生保研去向最多的院校是西安电子科技大学，其次是大连理工大学、中国矿业大学（北京）,223,3.83%,198,3.59%,186,3.28%,,2.8%,,,,,,,
165,陕西,山西农业大学,,,, ,231,3.64%,189,3.33%,,2.96%,,2.4%,,,,,,,
166,辽宁,沈阳师范大学,沈阳师范大学,218,4.04%, ,184,3.58%,151,3.15%,,,,,,,,,,,
167,浙江,杭州师范大学,杭州师范大学,230,3.16%, ,195,3.57%,113,2.1%,,,,,,,,,,,
168,河南,河南财经政法大学,河南财经政法大学,253,4.03%,,213,3.49%,,2.57%,,,,,,,,,,,
169,湖南,湖南农业大学,湖南农业大学,263,4.09%, ,223,3.38%,,3.21%,,,,3.4%,,3.4%,,,,,
170,黑龙江,东北石油大学,东北石油大学,208,4.08%, ,207,约3.23%,,4.15%,,,,4.7%,,4.7%,,,,,
171,陕西,延安大学,延安大学,147,3.6%, ,129,3.09%,,2.65%,,,,2.5%,,2.5%,,,,,
172,西藏,西藏民族大学,,,,,71,2.7%,,,,,,3.2%,,,,,,,
173,广东,广东海洋大学,广东海洋大学,165,1.71%, ,130,1.34%,115,1.18%,,,,,,,,,,,
174,陕西,西安交通大学,,,,西安交通大学2022届保研本校996人，占比71.1%，第二多的是同宗同源的上海交通大学85人，浙江 大学43人、清华大学41人、复旦大学33人、中科院所属研究所30人、北京大学23人、中国科学技术大学19人、南京 大学18人、中国科学院大学18人、中国人民大学15人、中山大学10人、北京 协和医学院6人、上海财经大学4人、中南大学2人、上海外国语大学1人、武汉大学社会学院 1人，其他大学55人。,,36.6%,1647,37.5%,1400,32.5%,,31.3%,,30.2%,,,,,
175,黑龙江,哈尔滨工业大学,哈尔滨工业大学,2681,33.94%, ,,36.1%,,30.29%,,22.5%,,30%,,31.9%,,,,,
176,天津,天津医科大学,,,,"天津医科大学2023届274名同学保研去向如下：
★保研本校：62人，占比22.63%；
★保研外校：212人；占比77.37%。
目前统计到265人的具体录取去向，暂有9人未统计到。",,29.1%,274,29.13%,,,,10%,,,,,,,
177,广东,中山大学,,,, ,,29.29%,,27.69%,,21%,,,,,,,,,
178,上海,华东师范大学,华东师范大学,963,35.48%,"华东师范大学2024届同学保研去向：
★ 保研本校：463人，占比61.65%；
★ 保研外校：288人；占比38.35%；
保研外校288名同学中，目前统计到275人的录取去向,暂有13人未统计到录取去向。",,19.43%,841,18.46%,703,22.04%,,21.9%,,22.1%,,,,,
179,北京,中国石油大学(北京）,中国石油大学(北京),960,23.3%, ,,,573,,,,,,,,,,,,
180,辽宁,东北大学,东北大学,1515,30.52%, ,,26%,,23.1%,,,,15.42%,,16.7%,,,,,
181,四川,电子科技大学,电子科技大学,1473,30.02%, ,1390,28.1%,1232,25.12%,1086,22.17%,,19.86%,,17.9%,,,,,
182,北京,北京外国语大学,北京外国语大学,485,35.4%, ,,29.66%,353,24.9%,,19.5%,,20.2%,,11.9%,,,,,
183,广东,哈尔滨工业大学(深圳）,,,,"哈尔滨工业大学(深圳)2024届341名同学保研去向：
★ 保研本校：291人，占比85.34%；
★ 保研外校：50人；占比14.66%；
保研外校50名同学中，目前统计到47人的录取去向,暂有3人未统计到录取去向。特别说明：因存在大量同名同姓的情况，通过姓名及专业的比对结果有一定偏差，仅供参考。
保研外校主要是清华大学19人，北京大学5人，中国人民大学4人，中国科学技术大学4人，中国科学院大学3人。",341,24.48%,,,,,,,,,,,,,
184,上海,上海音乐学院,,,,全部保研本校,,23.8%,,23.8%,,,,9.35%,,,,,,,
185,北京,中国社会科学院大学,,,,,128,34.32%,,22.9%,89,22.4%,,16.4%,,38.8%,,,,,
186,北京,北京科技大学,,,,"保研去向最多的院校是北京科技大学本校，其次是北京理工大学，再就是西北工业大学。
北京科技大学保研本校的推免生中选择材料科学与工程专业的占多数，有46人；其次是机械工程专业25人；再就是物流工程以及数学专业分别有4人；
保研至北京理工大学的推免生中有5人选择材料工程专业，占多数；保研至西北工业大学的推免生中选择材料工程的有4人，设计学、工业设计工程、材料加工工程专业则分贝有1人选择。",,28%,566,27%,,,,,,20%,,,,,
187,广东,华南理工大学,华南理工大学,1593,24.59%,"华南理工大学2023届1360名同学保研去向具体如下：
★保研本校：897人，占比65.96%；对本校认可度超高！
★保研外校：463人；占比34.04%。
其中：双一流院校录取1315人，占比99.70%；
985院校录取1267人，占比96.06%；
211院校录取1286人，占比97.50%。
目前统计到1319人的具体录取去向，暂有41人未统计到",,24.48%,1360,21.85%,1259,"
21.3%",,19.6%,,18.2%,,,,,
188,山东,中国石油大学(华东）,,,,"中国石油大学(华东)2023届960名同学保研去向具体如下：
★ 保研本校：398人，占比41.46%；
★ 保研外校：562人；占比58.54%。
其中：双一流院校录取930人，占比100%；
985院校录取406人，占比43.66%；
211院校录取881人，占比94.73%。
目前统计到930人的具体录取去向，暂有30人未统计到",,,960,,,,,,,,,,,,
189,北京,中国矿业大学,,,,"中国矿业大学2023届1136名同学保研去向具体如下：
★保研本校：431人，占比37.94%；
★保研外校：705人；占比62.06%。
其中：双一流院校录取1095人，占比99.82%；
985院校录取491人，占比44.76%；
211院校录取1029人，占比93.80%。
目前统计到1097人的具体录取去向，暂有39人未统计到。",,,1136,,,,,,,,,,,,
190,上海,华东理工大学,华东理工大学,1026,24.83%,"华东理工大学2024届981名同学保研去向：
★ 保研本校：591人，占比60.24%；
★ 保研外校：290人；占比39.76%；
保研外校290名同学中，目前统计到264人的录取去向,暂有26人未统计到录取去向。",981,23.44%,846,20.4%,813,19%,,18.4%,,18.2%,,,,,
191,北京,北京林业大学,北京林业大学,730,21.1%,"北京林业大学2023届普通类675名同学保研去向具体如下：
★ 保研本校：164人，占比24.30%；对本校认可度高！
★ 保研外校：511人；占比75.70%。
其中：双一流院校录取628人，占比97.97%；
985院校录取290人，占比45.24%；
211院校录取554人，占比86.43%。
目前统计到641人的具体录取去向，暂有34人未统计到。",,20.61%,675,19.6%,665,19.1%,,18.7%,,18.9%,,,,,
192,北京,北京化工大学,北京化工大学,782,20.15%,"北京化工大学2023届普通类696名同学保研去向具体如下：
★保研本校：443人，占比63.65%；对本校认可度较高！
★保研外校：253人；占比36.35%。
其中：双一流院校录取667人，占比99.55%；
985院校录取155人，占比23.13%；
211院校录取629人，占比93.88%。
目前统计到670人的具体录取去向，暂有26人未统计到。",,,696,18%,,16.94%,,16.9%,,16.9%,,,,,
193,四川,西南财经大学,西南财经大学,741,17.77%,"2023届640名同学保研去向如下：
保研本校：215人；占比33.6%；
保研外校：425人；占比66.3%。
保研外校425人中，目前统计到388人的录取去向，暂有37人未统计到。特",,18.96%,640,17.3%,617,16.6%,,14.4%,,12.8%,,,,,
194,陕西,陕西师范大学,陕西师范大学,686,14.32%,,,17.62%,391,18.8%,,8.84%,,,,,,,,,
195,上海,上海外国语大学,上海外国语大学,312,20.72%, ,,17.2%,479,15.7%,255,17.3%,,13.7%,,10.3%,,,,,
196,上海,东华大学,,,,"东华大学2023届514名同学保研去向具体如下：
★保研本校：267人，占比51.95%；
★保研外校：247人；占比48.05%。
其中：双一流院校录取501人，占比99.80%；
985院校录取188人，占比37.45%；
211院校录取485人，占比96.61%。
目前统计到502人的具体录取去向，暂有12人未统计到。",,14.71%,514,14.7%,487,14.03%,,12.59%,,11.2%,,,,,
197,上海,上海体育大学,上海体育大学,135,9.97%,"保研去向人数最多的院校是上海体育学院本校，其次是北京体育大学，再就是上海交通大学。
●保研至上海体育学院本校的71人里，有30人选择体育专业，21人选择体育教育训练学。
●保研至北京体育大学的4人中有2人被康复医学与理疗学录取。",,,192,14.21%,,9.8%,,9.35%,,6%,,,,,
198,陕西,长安大学,长安大学,1023,17.45%,"长安大学保研去向最多的院校是长安大学本校，其次是华南理工大学，然后是武汉大学。
●保研至长安大学本校的83人中，有40人被土木工程专业录取，28人选择交通运输工程专业。
●保研至华南理工大学的23人分散在建筑学、土木水利、电子信息等13个专业。",,15.22%,877,14.11%,823,13.6%,,12.1%,,,,,,,
199,山东,北京交通大学(威海校区）,,,,北京交通大学（威海校区）的学生通常会选择国内外著名的高校或科研机构进行深造。其中，国内主要去往清华大学、北京大学、上海交通大学等顶尖高校.,,,71,,,,,,,,,,,,
200,辽宁,东北财经大学,东北财经大学,328,13.74%,"东北财经大学2023届295名同学保研去向具体如下：
★ 保研本校：61人，占比20.68%；
★ 保研外校：234人；占比79.32%。
其中：双一流院校录取205人，占比74.55%；
985院校录取68人，占比24.73%；
211院校录取201人，占比73.09%。
目前统计到275人的具体录取去向，暂有20人未统计到。",,14.06%,295,14%,309,14.7%,,14.4%,,,,,,,
201,河南,郑州大学,郑州大学,1658,15.84%,在2022届推免生中，有保研到北京大学，浙江大学，复旦大学，南开大学等头部院校的学生，其中，有世界史专业的同学保研到厦门大学，有文学院的同学保研到中南大学，有临床医学方向的同学保研到浙江大学、石河子大学，还有交通运输专业的同学保研到南京航空航天大学等等。,,14.97%,1610,13.66%,,,,,,,,,,,
202,上海,上海大学,,,,"上海大学2023届690名保研同学去向总体情况：
保研本校316人，占比45.8%；
保研外校374人；占比54.2%；
985院校录取249人，占比36.1%；
科研院所录取21人，占比3.05%；
双一流院校录取651人，占比94.3%；
暂未统计到去向人数：13人；占比1.9%。
保研外校374人中，目前统计到361人的录取去向，暂有13人未统计到。",,14.37%,690,13.5%,624,13.1%,,11.6%,,10.4%,,,,,
203,北京,北京中医药大学,北京中医药大学,290,14.61%,"北京中医药大学2023届234名同学保研去向具体如下：
★ 保研本校：118人，占比50.43%；
★ 保研外校：116人；占比49.57%。
其中：双一流院校录取207人，占比90.00%；
985院校录取41人，占比17.83%；
211院校录取168人，占比73.04%。
目前统计到230人的具体录取去向，暂有4人未统计到。",,16.41%,234,12.8%,229,14.4%,,14.4%,,13%,,,,,
204,北京,中央美术学院,,,12%, ,,,99,12.2%,,,,,,,,,,,
205,北京,首都师范大学,,,11.96%, ,,,351,11.57%,,,,9.5%,,8.3%,,,,,
206,天津,河北工业大学,河北工业大学,724,12.47%,统计到的河北工业大学2023届611名保研同学的总体去向：985院校录取425人，占比69.5%；中科院录取35人，占比5.7%；普通高校录取4人，不足1%。保研本校40人，录取人数最多的院校是天津大学达88人。,,12.03%,662,11.32%,592,10.11%,,9.75%,,9.1%,,,,,
207,山西,太原理工大学,太原理工大学,938,11.87%, ,,10.16%,769,9.86%,,9.6%,,7.6%,,7.12%,,,,,
208,广东,南方医科大学,南方医科大学,351,11.13%, ,,12.77%,269,9.3%,,8.26%,,8.12%,,,,,,,
209,广东,广州中医药大学,广州中医药大学,254,8.85%,"在已有数据中广州中医药大学推免生保研去向最多的院校是广州中医药大学本校，其次是深圳大学，再就是中国药科大学。
保研去向广州中医药大学本校的推免生中选择中医的最多，有73人，其次是选择临床检验诊断学以及护理学专业的分别有3人，中医心理学、中药学分别有2人。
保研至深圳大学的推免生中有4人选择计算机科学与技术，选择体育学、软件工程专业的分别有2人；
保研至中国药科大学的推免生选择中药药理学、药学专业的分别有3人，中药分析学、药物化学、药物代谢动力学等专业分别有1人选择。",,9.82%,229,9.24%,200,8.34%,,7.29%,,,,,,,
210,福建,福建师范大学,,,, ,,9.26%,473,8.09%,,7.37%,,7.24%,,7.1%,,,,,
211,河北,东北大学秦皇岛分校,,,,"2021届保研去向
目前已知：保研北京大学15人、保研清华大学22人（通过姓名专业比对），其他暂无信息。
不过按照2020届保研情况来看，学校应该差别不大，去年保研北京大学14人、清华大学22人、中国科学技术大学36人、中国科学院大学35人、南京大学34人。

",,,263,,,,,,,,,,,,
212,北京,华北电力大学,华东师范大学,963,35.48%,"华北电力大学动力工程系2023届共有61人获得保研资格，具体保研去向情况：

保研本校4人，占比6.5%；

保研外校57人，占比93.5%。

保研西安交通大学人数超多，达27人。

保研外校具体去向为：西安交大27人，中国科学院大学4人，天津大学3人，浙大3人，上交2人，北航2人，华科大2人，西工大2人，川大1人，重大1人，中科大1人，山大1人，华东师大1人和清华大学1人。",480,15.1%,,11.53%,350,10.74%,,9.82%,,12%,,,,,
213,山东,山东农业大学,山东农业大学,569,7.91%,"保研至华中农业大学的15人分散在作物栽培学与耕作学、果树学、风景园林等9个专业。
保研至山东大学的8人主要在细胞生物学、会计、公共卫生等7个专业。",,7.24%,,6.55%,,5%,,5.2%,,,,,,,
214,四川,成都理工大学,成都理工大学,595,7.57%,"成都理工大学2023届464名保研同学录取去向总体情况：
保研本校：63人；
保研外校：401人（80所院校）；
暂未统计到去向人数：18人。
其中：211院校录取330人，其中：985院校录取187人。科研院所录取21人。
拟录取人数最多的院校是本校，达63人，占比13.58%。外校中，川大和西南交大录取人数最多，分别是51和50人，电子科大录取39人，西财录取19人，中科院录取18人，重大录取16人。",,7.26%,464,6.27%,,5.2%,,4.3%,,3.41%,,,,,
215,江西,江西财经大学,江西财经大学,399,7.38%,"保研去向人数最多的院校是中南财经政法大学，其次是西南财经大学和厦门大学，再就是深圳大学。除列举的院校之外，还有山东大学、中山大学、东南大学等院校。（完整数据请加学姐了解）
●保研至中南财经政法大学的20名推免生中，税务和会计专业各有4人。
●保研至西南财经大学的18名推免生中，有4人选择会计专业，3人选择金融专业。
●保研至厦门大学的18人中，有4人是应用统计专业的推免生。

",,4.67%,307,5.27%,,4.75%,,5.2%,,4%,,,,,
216,北京,首都经济贸易大学,首都经济贸易大学,241,9.96%,	,,,182,7.39%,176,7.15%,,5.9%,,,,,,,
217,河北,河北医科大学,,,,"在已有数据中河北医科大学推免生保研去向最多的院校是河北医科大学本校，其次是中国药科大学以及北京协和医学院。
保研去向河北医科大学的推免生中选择临床检验诊断学专业的是最多，有4人，其次是分别有3人选择了医学技术、外科学、护理学、专业；；
保研至中国药科大学的推免生中有4人选择了中药学，另分别有1人选择了中药分析学、药物化学、药物分析学、药物代谢动力学以及药理学专业；
保研至北京协和医学院的推免生则分别选择了重症医学、药物分析学、药剂学、外科学、生物医学工程、内科学、麻醉学等专业。",,7.98%,176,7.1%,,,,6.2%,,,,,,,
218,天津,天津中医药大学,天津中医药大学,249,8.97%,"天津中医药大学保研去向最多的院校是天津中医药大学本校，其次是中国药科大学，再就是天津大学、广州中医药大学、北京协和医院。
●保研至天津中医药大学本校的26人里，有18人选择了中医内科学专业，7人选择针灸推拿学，还有1人选择中医妇科学。
●保研至中国药科大学的10人分散在药理学、中药学、社会与管理药学等7个专业。",,8.59%,278,7%,,3.67%,,,,,,,,,
219,辽宁,辽宁师范大学,辽宁师范大学,276,7.49%,"在已有数据中辽宁师范大学推免生保研去向最多的院校是上海大学，其次是东华大学以及北京师范大学。
保研去向上海大学的推免生中分别有2人选择戏剧与影视学、国际商务专业，另外则是分别选择了新闻与传播以及情报学；
保研至东华大学的推免生中有3人选择了东华大学专业，1人选择了艺术设计专业；
保研去向北京师范大学的推免生有2人选择自然地理学，1人选择了自然资源专业。",,7.37%,237,6.74%,,6.5%,,6.5%,,,,,,,
220,广东,广州医科大学,,,,"在已有数据中广州医科大学推免生保研去向最多的院校是广州医科大学本校，其次是中山大学，再就是北京协和医学院。
保研去向广州医科大学本校的推免生中选择临床医学的最多，有19人，另外2人分别选择了生物学和口腔医学专业；
保研至中山大学的推免生中有13人选择临床医学，选择口腔医学、基础医学专业的分别有1人；
保研至北京协和医学院的推免生选择内科学的有3人，选择肿瘤学的有2人，选择药学、药剂学、外科学、麻醉学以及妇产科学专业的分别有1人。",,,139,6.66%,,4.4%,,3.52%,,3.5%,,,,,
221,上海,上海中医药大学,,,, ,,,,6.61%,,9.54%,,,,13.6%,,,,,
222,广东,暨南大学,暨南大学,469,10.01%,"暨南大学2023届保研去向具体如下：
★ 保研本校：98人，占比22.17%；
★ 保研外校：344人；占比77.83%。
其中：双一流院校录取420人，占比98.13%；
985院校录取243人，占比56.78%；
211院校录取400人，占比93.46%。
目前统计到428人的具体录取去向，暂有14人未统计到。特别说明：因存在大量同名同姓的情况，通过姓名及专业的比对结果故存在一定偏差，此结果仅供参考。",,9.83%,442,9.51%,,8.13%,,5%,,,,,,,
223,宁夏,宁夏大学,宁夏大学,340,6.26%, ,,6.63%,308,6.42%,283,6.09%,,5.9%,,5.9%,,,,,
224,辽宁,沈阳农业大学,沈阳农业大学,299,8.88%,"保研去向人数最多的院校是沈阳农业大学本校，其次是华中农业大学。
●保研至沈阳农业大学本校的137人分布在49个专业，其中有4个专业人数在10人以上 ，分别是园艺、食品质量与安全、农学、植物保护。其余专业录取人数在1-9人不等。
●保研至华中农业大学的3人分别在资源利用与植物保护、农林经济管理、生物医药专业。",,8.81%,215,6.4%,,,,4.4%,,,,,,,
225,江西,江西师范大学,江西师范大学,459,6.86%,"保研去向人数最多的院校是华南师范大学，其次是江西师范大学本校，再就是华南理工大学。除列举的院校之外，还有上海大学、中国科学院大学等院校。
●保研去向华南师范大学的共有17人，选择学科教学（语文）、学科教学（地理）的各有3人。
●保研去向江西师范大学本校的9人中，选择英语（师范）专业、朝鲜语专业的最多。
●保研去向华南理工大学的3人都选了理学类专业。",,,384,5.57%,,5.26%,,5.3%,,,,,,,
226,四川,西南大学(荣昌校区）,,,,,,,68,,,,,,,,,,,,
227,福建,福建中医药大学,福建中医药大学,170,6.55%,"在已有数据中福建中医药大学推免生保研去向最多的院校是福建中医药大学本校，其次是北京中医药大学，再就是厦门大学以及福建医科大学。
保研去向福建中医药大学本校的推免生中选择针灸推拿学专业的是最多的有12人，其次是选择康复医学与理疗学专业的有8人，中西医结合临床6人，选择中医内科学专业的有5人。
保研至北京中医药大学的推免生中有3人选择中医临床基础，2人选择针灸推拿学专业，选择中医诊断学、中医基础理论以及公共管理专业的分别有1人；
保研至厦门大学的推免生选择内科学专业的有2人，药学、药理学、外科学以及公共卫生专业的分别有1人。保研至福建医科大学的推免生选择内科学专业的人数有3人，占最多数。",,,126,5.8%,,,,6%,,4.7%,,,,,
228,四川,西南科技大学,西南科技大学,527,6.71%,"西南科技大学2023届保研去向总体情况：
★保研本校：26人，占比6%；
★保研外校：410人，占比94%，
暂有32人未统计到具体录取去向。
已统计去向的404名同学，被双一流高校录取303人，占比73%；其中211院校录取294人，985院校录取139人，中科院录取7人。",,,436,5.8%,414,5.1%,,4.9%,,4.8%,,,,,
229,山东,山东师范大学,,,,"山东师范大学2023届普通类497名同学保研去向具体如下：
★ 保研本校：153人，占比30.78%；
★ 保研外校：344人；占比69.22%。
其中：双一流院校录取305人，占比65.03%
985院校录取149人，占比31.77%；
211院校录取266人，占比56.72%。
目前统计到469人的具体录取去向，暂有28人未统计到。特别说明：因存在大量同名同姓的情况，通过姓名及专业的比对结果故存在一定偏差，此结果仅供参考。",,8.4%,497,5.22%,424,6%,,6%,,,,,,,
230,山东,青岛大学,青岛大学,554,7.53%,"青岛大学2023届457名同学保研去向如下：
★ 保研本校：52人，占比11.38%；
★ 保研外校：405人；占比88.62%；
其中：双一流院校录取372人，占比82.67%；
985院校录取208人，占比46.22%；
211院校录取351人，占比78.00%。
保研外校405名同学中，目前统计到398人的录取去向。特别说明：因存在大量同名同姓的情况，通过姓名及专业的比对结果有一定偏差，仅供参考。",,6.83%,457,5.88%,394,4.9%,,4.5%,,,,,,,
231,上海,华东政法大学,,,,"在已有数据中华东政法大学推免生保研去向最多的院校是华东政法大学本校，其次是北京大学。
保研去向华东政法大学本校的推免生中选择法律(法学)专业的有23人，占多数，其次是上岸经济法学专业的有16人，国际法学有7人，法律与金融有6人，刑法学、诉讼法学分别有5人选择；
保研去向北京大学的3名推免生其种2人选择了法律硕士（法学）专业，另外一人选择了法律硕士（非法学）",,,169,5.58%,164,8.52%,,4.45%,,,,,,,
232,四川,西南石油大学,西南石油大学,605,7.62%,"据不完全统计，目前统计到425名同学的保研去向，其中10名同学暂时未统计到。因存在大量同名同姓情况，所以数据存在一定偏差。
保研录取人数最多的是本校，有95人，占比22%，充分说明本校学生对本校的研究生水平的高度认可。
保研外校人数最多的是四川大学达39人，，超30人的还有西南交大34人，电子科技大学30人。
录取人数超10人的院校还有中石大（北京）16人、中石大（华东）14人、西安电子科技大学14人、西安交大10人。",,,435,5.57%,,4.54%,,3.8%,,,,,,,
233,江苏,江苏大学,江苏大学,434,6.26%,"江苏大学2023届320名同学保研去向具体如下：
★ 保研本校：38人，占比11.88%；对本校认可度超高！
★ 保研外校：282人；占比87.12%。
其中：双一流院校录取268人，占比86.73%；
985院校录取121人，占比39.16%；
211院校录取246人，占比79.61%。
目前统计到309人的具体录取去向，暂有11人未统计到。特别说明：因存在大量同名同姓的情况，通过姓名及专业的比对结果故存在一定偏差，此结果仅供参考。",,,320,5.52%,301,4.9%,,4%,,4.9%,,,,,
234,江西,江西农业大学,,,, ,,5.33%,255,5.31%,,4.71%,,4.3%,,,,,,,
235,吉林,吉林农业大学,吉林农业大学,298,6.48%, ,,5.38%,219,5.12%,,,,,,,,,,,
236,河北,河北师范大学,河北师范大学,352,5.96%,"河北师范大学2023届299名同学保研去向如下：
★ 保研本校：30人，占比10.03%；
★ 保研外校：269人；占比89.97%；
其中：双一流院校录取248人，占比84.93%；
985院校录取113人，占比38.70%；
211院校录取226人，占比77.40%。
保研外校299名同学中，目前统计到292人的录取去向。特别说明：因存在大量同名同姓的情况，通过姓名及专业的比对结果有一定偏差，仅供参考。",,,299,5.07%,,4.32%,,5.3%,,5.3%,,,,,
237,黑龙江,黑龙江大学,黑龙江大学,159,2.35%,"在已有数据中黑龙江大学推免生保研去向最多的院校是黑龙江大学本校，其次是吉林大学。
保研去向黑龙江大学的推免生中有3人选择了生物学专业，2人选择了生态学专业，分别有1人选择了中国哲学、中国古代文学、马克思主义中国化研究、马克思主义哲学等专业；
保研至吉林大学的推免生分别选择了生药学、新闻与传播、生物学、以及马克思主义哲学专业。",,6%,66,5%,,6.29%,,6%,,,,,,,
238,上海,上海师范大学,,,, ,,4.42%,,5%,,,,4.04%,,,,,,,
239,陕西,陕西科技大学,山西医科大学,306,9.1%, ,,,213,4.8%,211,4.66%,,4.7%,,,,,,,
240,河南,河南农业大学,河南农业大学,432,5.87%,"在已有数据中河南农业大学推免生保研去向最多的院校是华中农业大学，其次是西北农林科技大学，再就是中国农业大学以及南京农业大学。
① 保研去向华中农业大学的推免生中选择作物遗传育种专业的有7人，上岸选择预防兽医学、基础兽医学、果树学专业的分别有5人，选择生物化学与分子生物学专业的有3人；
② 保研去向西北农林科技大学的推免生中有3人选择了风景园林专业，选择应用经济学、农业管理、农林经济管理、环境科学、果树学专业的分别有2人；
③ 保研去向中国农业大学的推免生中有3人选择了机械专业，2人选择了农药学专业；保研去向南京农业大学的推免生选择植物营养学、预防兽医学专业的分别有2人。",,4.56%,341,4.85%,285,4.24%,,3.45%,,,,,,,
241,四川,西华师范大学,西华师范大学,397,6.02%,"西华师范大学2023届305名同学保研去向具体如下：
★ 保研本校：9人，占比2.95%；
★ 保研外校：296人；占比97.05%。
其中：双一流院校录取221人，占比78.37%；
985院校录取44人，占比15.60%；
211院校录取186人，占比65.96%。
目前统计到282人的具体录取去向，暂有23人未统计到。特别说明：因存在大量同名同姓的情况，通过姓名及专业的比对结果故存在一定偏差，此结果仅供参考。",,5.02%,305,4.17%,280,3.7%,,3.97%,,,,,,,
242,山东,山东中医药大学,,,, ,,5.55%,,4.5%,,4.05%,,3.5%,,,,,,,
243,山东,山东科技大学,,,, ,,,,4.5%,,4.7%,,,,,,,,,
244,河北,河北农业大学,河北农业大学,493,5.83%, ,,5.42%,397,4.5%,338,4.24%,,4.1%,,4.1%,,,,,
245,浙江,浙江工商大学,,,,浙江工商大学保研去向最多的院校是南京师范大学和广东外语外贸大学，各有3人。他们的专业主要是英语语言文学、新闻与传播、法学等。,,4.6%,193,4.47%,170,4.7%,,4.1%,,,,,,,
246,江西,江西理工大学,江西理工大学,370,6.08%,"在已有数据中江西理工大学推免生保研去向最多的院校是江西理工大学本校，其次是中南大学以及深圳大学。
保研去向江西理工大学的推免生中选择材料科学与工程专业的是最多，有9人，其次是冶金工程专业有7人，机械工程、化学工程与技术专业分别有2人选择；
保研至中南大学的推免生中有7人选择了材料科学与工程专业，有5人选择了机械专业，另分别有3人选择机械、化学工程与技术专业；",,,272,4.46%,,3.81%,,3.3%,,,,,,,
247,山东,山东艺术学院,,,, ,57,4.01%,,4.5%,,3.58%,,3.1%,,,,,,,
248,内蒙古,内蒙古农业大学,,,, ,,,240,4.15%,,,,,,,,,,,
249,辽宁,沈阳建筑大学,,,,"保研去向人数最多的院校是华南理工大学，其次是东南大学和大连理工大学。
●保研至华南理工大学的8人分散在建筑学、机械工程、风景园林等7个专业。
●保研至东南大学的6人里有3人被土木水利专业录取。",,,113,4.06%,,,,3.1%,,,,,,,
250,山东,济南大学,济南大学,449,5.27%,"济南大学2023届349名同学保研去向具体如下：
★ 保研本校：21人，占比6.02%；对本校认可度超高！
★ 保研外校：328人；占比93.98%。
其中：双一流院校录取284人，占比86.85%
985院校录取159人，占比48.62%；
211院校录取261人，占比79.82%。
目前统计到327人的具体录取去向，暂有22人未统计到。特别说明：因存在大量同名同姓的情况，通过姓名及专业的比对结果故存在一定偏差，此结果仅供参考。",,4.75%,349,4.02%,,3.05%,,2.2%,,,,,,,
251,吉林,长春中医药大学,长春中医药大学,126,5.41%,"长春中医药大学保研去向最多的院校是长春中医药大学本校，其次是吉林大学，其余保研去向比较分散。
●保研至长春中医药大学本校的29人中，有11人选择中医内科学专业，其余中药学、护理学、药理学等9个专业录取人数均在5人以内。
●保研至吉林大学的6人中有2人被药学专业录取，神经病学、内科学、护理、病原生物学四个专业各1人。",,5.38%,82,4.01%,,,,2.7%,,,,,,,
252,辽宁,沈阳工业大学,沈阳工业大学,260,5.06%,"学校2023届推荐免试公示共计205名同学。
保研率6.11%。
2023届205名同学中：
20人保研本校；
185人保外。 推免去向待整理。",,,205,3.92%,,,,5.52%,,,,,,,
253,天津,天津师范大学,天津师范大学,314,4.77%, ,,4.99%,257,4%,,3.5%,,3.8%,,,,,,,
254,辽宁,大连外国语大学,大连外国语大学,179,5.65%, ,,4.95%,117,3.9%,,,,3.1%,,,,,,,
255,上海,上海对外经贸大学,上海对外经贸大学,503,21.14%,"往届保研去向　
2022届75名同学保研去向：
保研率3.42%。
保研本校9人。
保研外校66人。",,,86,3.93%,72,3.42%,,3.1%,,3.1%,,,,,
256,四川,西南医科大学,西南医科大学,231,6.42%,"西南医科大学2023届普通类139名同学保研去向具体如下：
★保研本校：25人，占比17.99%；
★保研外校：114人；占比82.01%。
目前统计到124人的具体录取去向，暂有15人未统计到。特别说明：因存在大量同名同姓的情况，通过姓名及专业的比对结果故存在一定偏差，此结果仅供参考。",,5.28%,139,3.78%,,0.9%,,1.4%,,1.4%,,,,,
257,辽宁,辽宁工程技术大学,辽宁工程技术大学,263,4.07%, ,,,239,4.15%,,4%,,4.03%,,,,,,,
258,黑龙江,黑龙江中医药大学,黑龙江中医药大学,173,6.26%, ,,,,3.7%,,,,3.13%,,,,,,,
259,山西,山西师范大学,山西师范大学,210,5.25%, ,,4.44%,155,3.66%,,3.37%,,3.1%,,,,,,,
260,四川,西南民族大学,西南民族大学,302,4.31%,"西南民族大学2023届247名同学保研去向如下：
★ 保研本校：15人，占比6.07%；
★ 保研外校：232人；占比93.93%；
其中：双一流院校录取190人，占比77.87%；
985院校录取79人，占比32.37%；
211院校录取185人，占比75.81%。
保研外校232名同学中，目前统计到229人的录取去向。特别说明：因存在大量同名同姓的情况，通过姓名及专业的比对结果有一定偏差，仅供参考。",269,3.91%,247,3.59%,251,3.64%,,3.21%,,3%,,,,,
261,湖北,中南民族大学,,,,"中南民族大学2023届214名同学保研去向如下：
★ 保研本校：13人，占比6.07%；
★ 保研外校：201人；占比93.93%；
其中：双一流院校录取189人，占比88.32%；
985院校录取99人，占比46.26%；
211院校录取185人，占比86.45%。
保研外校201名同学中，目前统计到201人的录取去向。特别说明：因存在大量同名同姓的情况，通过姓名及专业的比对结果有一定偏差，仅供参考。",,4.17%,214,3.52%,264,3.36%,,3.02%,,2.7%,,,,,
262,内蒙古,内蒙古工业大学,内蒙古工业大学,194,3.59%,"保研去向人数最多的院校是西安电子科技大学，其次是大连理工大学，再就是中南大学。
●保研去向西安电子科技大学的14人里，5人选择了通信工程(含宽带网络、移动通信等)专业，其余机械、软件工程等专业人数较少。
●保研去向大连理工大学的8人分散在化学工程、传播与海洋工程、环境工程等专业。
●保研去向中南大学的7人有2人被资源与环境专业录取。",,,192,3.96%,,,,3.2%,,3.2%,,,,,
263,湖北,湖北工业大学,湖北工业大学,247,5.1%, ,,3.5%,162,3.29%,,2.93%,,1.55%,,1%,,,,,
264,北京,北京建筑大学,北京建筑大学,97,4.13%, ,,4.23%,74,3.47%,,,,1.7%,,,,,,,
265,辽宁,沈阳航空航天大学,,,, ,133,,,3.3%,,,,1.84%,,,,,,,
266,陕西,西北政法大学,,,, ,,3.42%,100,3.27%,,,,2.7%,,2.7%,,,,,
267,陕西,西安美术学院,西安美术学院,64,3.79%,,,,,3.3%,,,,3%,,,,,,,
268,四川,成都体育学院,成都体育学院,103,3.73%, ,98,4.36%,,3.2%,,3.77%,,,,,,,,,
269,河南,河南科技大学,河南科技大学,410,4.12%,"河南科技大学2023届317名同学保研去向如下：
★ 保研本校：60人，占比18.93%；
★ 保研外校：257人；占比81.07%.
保研外校257名同学中，目前统计到244人的录取去向，暂有13人未统计到。特别说明：因存在大量同名同姓的情况，通过姓名及专业的比对结果有一定偏差，仅供参考。",,,317,3.36%,256,2.8%,,2.4%,,2.4%,,,,,
270,内蒙古,内蒙古科技大学,内蒙古科技大学,260,4.86%,"保研去向人数最多的院校是北京科技大学，其次是中南大学，再就是中国矿业大学（北京）。
●保研去向北京科技大学的12人里，有4人选择冶金工程专业，3人选择材料科学与工程专业。
●保研去向中南大学的10人中有4人被资源与环境专业录取。",,,122,3.14%,,,,2.1%,,2.1%,,,,,
271,重庆,重庆师范大学,重庆师范大学,213,3.43%,"保研去向最多的院校是重庆师范大学本校，其余保研去向分布比较分散。
●保研去向重庆师范大学本校的同学中人数占多数的是小学教育专业的同学，有15人。其他保研至重庆师范大学音乐、音乐与舞蹈学、美术学等专业的推免生均不超过5人。
●保研至长安大学、西南大学、西藏民族大学等学校的同学的专业有外国语言文学、美术学、民族学等专业。",,,99,3.12%,99,2.8%,,1.5%,,1.32%,,,,,
272,江西,南昌航空大学,,,,"南昌航空大学2023届193名同学保研去向如下：
★ 保研本校：73人，占比37.8%；
★ 保研外校：120人；占比62.2%；
其中：双一流院校录取114人，占比59.1%；
985院校录取60人，占比31.1%；
211院校录取102人，占比52.85%。
保研外校120名同学中，目前统计到120人的录取去向。特别说明：因存在大量同名同姓的情况，通过姓名及专业的比对结果有一定偏差，仅供参考。",,,193,3.75%,,3.61%,,2.3%,,2.3%,,,,,
273,浙江,杭州电子科技大学,杭州电子科技大学,216,5.01%,"在已有数据中杭州电子科技大学推免生保研去向最多的院校是杭州电子科技大学本校，其次是中南财经政法大学以及西安电子科技大学。
保研去向杭州电子科技大学本校的推免生中选择最多的是管理科学与工程专业有2人，选择计算机科学与技术专业的有1人；
保研至中南财经政法大学的3名推免生分别选择了税务、审计学、会计；
保研至西安电子科技大学的3名推免生分别选择了信息与通信工程、软件工程以及软件工程。",,2.74%,110,3%,,2.27%,,1.5%,,1%,,,,,
274,湖南,长沙理工大学,长沙理工大学,285,3.99%,"长沙理工大学2023届195名同学保研去向如下：
★ 保研本校：62人，占比31.80%；
★ 保研外校：133人；占比68.21%。
其中：双一流院校录取119人，占比63.98%；
985院校录取90人，占比48.39%；
211院校录取116人，占比62.37%。
目前统计到186人的具体录取去向，暂有6人未统计到。特别说明：因存在大量同名同姓的情况，通过姓名及专业的比对结果故存在偏差，仅供参考。",,,195,2.93%,177,2.7%,,2.4%,,2.4%,,,,,
275,河北,石家庄铁道大学,,,,"保研去向人数最多的院校是北京交通大学，其次是西南交通大学，再就是天津大学。
●保研至北京交通大学的12人分布在载运工具运用工程、土木工程、交通运输等9个专业。
●保研至西南交通大学的9人分别在交通工程、建筑学、土木水利等6个专业。",,,143,2.89%,,,,1.6%,,1.6%,,,,,
276,广西,广西中医药大学,广州中医药大学,254,8.85%,"广西中医药大学推免生保研去向最多的院校是广西中医药大学本校，其次是广州中医药大学，再就是浙江中医药大学、深圳大学以及湖南师范大学。
保研去向广西中医药大学本校的推免生中选择针灸推拿学的最多，有5人，其次是选择中医内科学专业的有4人，中药学2人。选择中医骨伤科学、中西医结合临床、护理学等专业的分别有1人。
保研至广州中医药大学的推免生中有5人选择中医，选择中药学、社会医学与卫生事业管理专业的分别有1人；",,,59,2.8%,,,,1.5%,,,,,,,
277,辽宁,大连海洋大学,大连海事大学,641,14.73%, ,,,92,2.35%,,2.22%,,1.5%,,,,,,,
278,山西,山西财经大学,山西财经大学,200,4.63%, ,,,120,2.72%,,,,1.7%,,,,,,,
279,安徽,安徽中医药大学,,,,"推免生去向最多的安徽中医药大学本校，其次是河海大学、安徽大学。
保研到 安徽中医药大学 的推免生中选择针灸推拿专业占最多，有6人，另外有2人选择中医内科学。
保研到河海大学的推免生分别选择了行政管理、情报学以及计算机科学与技术这3个专业；保研到安徽大学的推免生则有2人选择计算机科学与技术专业，另外1人选择了公共管理专业。",135,4%,120,3.26%,83,2.38%,,2.4%,,,,,,,
280,江西,华东交通大学,华东交通大学,203,4.15%, ,,2.74%,134,2.69%,,2.24%,,2.2%,,,,,,,
281,河北,河北中医学院,,,,,,,48,2.68%,,,,1.6%,,1.6%,,,,,
282,黑龙江,哈尔滨师范大学,哈尔滨师范大学,97,1.77%,"哈尔滨师范大学2023届保研去向如下：
1. 保研本校：59人，占比27.6%。
2. 保研外校：155人，占比72.4%。
保研外校中，211院校录取120人，其中985院校录取40人。中科院录取5人。录取人数较多的院校是东北师范大学、吉林大学和南京师范大学。具体保研院校包括：哈尔滨师范大学、吉林大学、南京师范大学、山东师范大学、华中师范大学、山东大学、北京语言大学、郑州大学、上海大学、陕西师范大学等。",,3.1%,214,2.53%,,2.4%,,2.2%,,,,,,,
283,内蒙古,内蒙古师范大学,,,,"统计了2023内蒙古师范大学保研去向排名前15的院校，保研去向人数最多的院校是内蒙古师范大学本校，其次是陕西师范大学，再就是兰州大学。
●保研去向内蒙古师范大学本校的154人分散在71个专业中，如数学与应用数学、英语、汉语言文学、音乐学、思想政治教育等。
●保研去向陕西师范大学的5人中有2人选择数学专业。
●保研去向兰州大学的3人被艺术学理论、化学、民族学三个专业录取。",,,,2.59%,,,,,,,,,,,
284,甘肃,西北民族大学,西北民族大学,174,2.89%, ,158,,,2.58%,,,,2.11%,,,,,,,
285,辽宁,辽宁科技大学,辽宁科技大学,184,2.75%,,,,,2.44%,,,,2.4%,,,,,,,
286,山东,青岛理工大学,青岛理工大学,220,2.69%, ,,3.11%,187,2.41%,152,2.57％,,2%,,,,,,,
287,贵州,贵州医科大学,,,,"在已有数据中贵州医科大学推免生保研去向最多的院校是贵州医科大学本校，其次是深圳大学以及中南大学。
保研去向贵州医科大学本校的推免生中选择最多的是公共卫生与预防医学有9人，其次是选择公共卫生专业的有7人，4人选择内科学，临床检验诊断学、护理分别有2人；
保研至深圳大学的推免生中有14人选择临床医学，占最多，另外选择药学、外国语言文学、生物医学工程、基础医学专业的分别有1人；
保研至中南大学的推免生选择内科学的有4人，外科学有3人，病理学与病理生理学2人。",,,350,3%,,,,2.36%,,,,,,,
288,山东,山东财经大学,山东财经大学,312,4.72%,"山东财经保研去向为上海财经大学、中央财经大学、对外经济贸易大学、山东大学、南开大学等一流名校。山东财经自2017年获批推荐优秀应届本科毕业生免试攻读研究生资格，保研名额呈现逐年增长趋势，2023届本科毕业生保研人数为228人（其中“研究生支教团”单列名额7人），保研去向为上海财经大学、中央财经大学、对外经济贸易大学、山东大学、南开大学等一流名校，升学层次高。
",,4.1%,228,2.3%,163,2.63%,,1.7%,,,,,,,
289,长春,长春工业大学,长春工业大学,135,2.4%, ,,,89,2%,,1.76%,,1.34%,,,,,,,
290,山东,山东建筑大学,山东建筑大学,251,4.12%,"保研去向人数最多的院校是山东大学，其次是中国矿业大学。
●保研至山东大学的27人中有4人选择了土木水利专业。环境科学与工程、材料科学与工程专业各有3人。其余控制工程、英语笔译等14个专业人数比较分散。
●保研至中国矿业大学的5人分别被艺术设计、土木工程、测绘科学与技术等5个专业录取。",159,2.8%,,2.71%,,,,1.4%,,,,,,,
291,山东,聊城大学,,,,,300,4.1%,,2.1%,,2.29%,,1.6%,,1.6%,,,,,
292,陕西,太原科技大学,,,,,154,,120,2.07%,110,,,1.8%,,1.8%,,,,,
293,天津,天津商业大学,,,,"天津商业大学保研去向最多的院校是西南交通大学和上海大学，其次是郑州大学和河北工业大学，推免去向遍布西南部、东部、中部地区。
●保研至西南交通大学的5人都选择了理工类专业，其中2人是数学专业的。
●保研至上海大学的5人中有3人选择了会计类专业。
●保研至郑州大学的4人里有2人被金融专业录取，保研至河北工业大学的4人被设计学、工商管理等4个不同的专业录取。",,2.65%,106,2%,87,1.7%,,1.3%,,,,,,,
294,吉林,吉林师范大学,,,,,,,90,2.07%,,,,,,,,,,,
295,广西,桂林电子科技大学,桂林电子科技大学,64,0.81%,"在已有数据中桂林电子科技大学推免生保研去向最多的院校是西安电子科技大学，其次是桂林电子科技大学本校。
保研去向西安电子科技大学的推免生中选择新一代电子信息技术(含量子技术等)、人工智能的分别有2人，选择通信工程(含宽带网络、移动通信等)、计算机技术、集成电路工程、电子科学与技术的分别有1人。
保研至桂林电子科技大学的推免生中分别有2人选择艺术设计、马克思主义理论，选择计算机科学与技术、管理科学与工程、车辆工程专业的则分别有1人。",,,71,2%,,,,,,,,,,,
296,贵州,贵州师范大学,贵州师范大学,158,2.07%, ,145,1.96%,,1.77%,129,1.77%,,2.3%,,2.3%,,,,,
297,山东,山东理工大学,山东理工大学,325,3.66%,"统计了2023山东理工大学保研去向排名前10的院校，保研去向人数最多的院校是中国农业大学，其次是安徽大学。
●保研至中国农业大学的4人中有3人选择了机械专业。
●保研至安徽大学的3人中有2人选择了数学专业。",275,3.24%,,1.7%,,,,1.5%,,,,,,,
298,四川,西华大学,西华大学,221,2.51%,"统计了2023西华大学保研去向的院校，西华大学保研去向最多的院校是西南交通大学，其次是西安电子科技大学，再就是西南大学和西华大学本校。
●保研至西南交通大学的30人分散在机械、土木水利、统计学等21个专业。
●保研至西安电子科技大学的7人中，选择计算机技术专业和机械工程专业的各有2人，其余软件工程等3个专业各有1人。
●保研至西南大学的6人中有3人被化学专业录取，保研至西华大学本校的6人中有2人被设计学专业录取。",,1.82%,167,1.66%,,,,1.8%,,1.51%,,,,,
299,贵州,贵州中医药大学,,,,"在已有数据中贵州中医药大学推免生保研去向最多的院校是贵州中医药大学本校，其次是成都中医药大学以及广州中医药大学。
保研去向贵州中医药大学本校的推免生中选择中药学的有4人，其次是选择中医内科学专业的有3人，中医外科学、中医妇科学、针灸推拿学以及护理学分别有1人；
保研至成都中医药大学的推免生中分别有3人选择中医妇科学和中药学，选择康复医学与理疗学专业的有1人；
保研至广州中医药大学的4名推免生都选择了中医专业。",,,50,1.54%,,,,,,,,,,,
300,云南,西南林业大学,西南林业大学,127,1.68%,"统计了2023西南林业大学保研去向的院校，西南林业大学保研去向最多的院校是南京农业大学，其次是西南交通大学和上海大学。
●保研至南京的农业大学的4人分别选了中药学、草学、土地资源管理、农业昆虫与害虫防治四个专业。
●保研至西南交通大学的3人分别选了风景园林学、测绘工程、计算机技术专业。
●保研至上海大学的3人选择了建筑学、计算机科学与技术、国际商务专业。",,,87,1.17%,77,1.8%,,1.5%,,,,,,,
301,辽宁,沈阳化工大学,沈阳化工大学,126,3.16%,,,,79,1.06%,,,,,,,,,,,
302,江苏,南京艺术学院,,,,在保研方面，南京艺术学院各学院的保送比例各有不同。据统计，工业设计学院保送研究生7人，人文学院保送5人，流行音乐学院和音乐学院分别保送研究生5人和7人。这四个学院的保送比例分别为5%、4.1%、3.57%和3.74%。从数据可以看出，工业设计学院的保送比例相对较高，而人文学院、流行音乐学院和音乐学院的保送比例则相对较低。,,,4,0.2%,,,,2.5%,,,,,,,
303,北京,北京邮电大学,,1177,30.13%。,,,,,,,,,,,,,,,,
304,北京,北京体育大学,,,10%,,,,,,,,,,,,,,,,
305,北京,中央音乐学院,,,11%,,,,,,,,,,,,,,,,
306,北京,中国音乐学院,,,12%,,,,,,,,,,,,,,,,
307,北京,北京语言大学,,,11%,,,,,,,,,,,,,,,,
308,北京,中央戏剧学院,,,2.86%,,,,,,,,,,,,,,,,
,,,,,,,,,,,,,,,,,,,,,
